order_item_refund_id,created_at,order_item_id,order_id,refund_amount_usd,year,month,day,hour,day_of_week
1,2012-04-06 11:32:00,57,57,49.99,2012,4,6,11,4
2,2012-04-13 01:09:00,74,74,49.99,2012,4,13,1,4
3,2012-04-15 07:03:00,71,71,49.99,2012,4,15,7,6
4,2012-04-17 20:00:00,118,118,49.99,2012,4,17,20,1
5,2012-04-22 20:53:00,116,116,49.99,2012,4,22,20,6
6,2012-05-04 11:59:00,147,147,49.99,2012,5,4,11,4
7,2012-05-12 02:41:00,186,186,49.99,2012,5,12,2,5
8,2012-05-16 13:06:00,191,191,49.99,2012,5,16,13,2
9,2012-05-24 16:00:00,179,179,49.99,2012,5,24,16,3
10,2012-05-30 17:20:00,199,199,49.99,2012,5,30,17,2
11,2012-06-06 14:22:00,271,271,49.99,2012,6,6,14,2
12,2012-06-10 19:54:00,290,290,49.99,2012,6,10,19,6
13,2012-06-20 19:13:00,335,335,49.99,2012,6,20,19,2
14,2012-06-28 18:54:00,382,382,49.99,2012,6,28,18,3
15,2012-06-29 15:50:00,357,357,49.99,2012,6,29,15,4
16,2012-07-05 14:24:00,409,409,49.99,2012,7,5,14,3
17,2012-07-07 07:36:00,368,368,49.99,2012,7,7,7,5
18,2012-07-07 19:54:00,391,391,49.99,2012,7,7,19,5
19,2012-07-08 02:59:00,424,424,49.99,2012,7,8,2,6
20,2012-07-10 14:31:00,393,393,49.99,2012,7,10,14,1
21,2012-07-11 22:16:00,442,442,49.99,2012,7,11,22,2
22,2012-07-19 06:57:00,472,472,49.99,2012,7,19,6,3
23,2012-07-20 13:51:00,470,470,49.99,2012,7,20,13,4
24,2012-07-21 09:45:00,469,469,49.99,2012,7,21,9,5
25,2012-07-22 12:53:00,471,471,49.99,2012,7,22,12,6
26,2012-07-27 18:03:00,468,468,49.99,2012,7,27,18,4
27,2012-07-29 07:41:00,467,467,49.99,2012,7,29,7,6
28,2012-07-31 01:43:00,500,500,49.99,2012,7,31,1,1
29,2012-08-01 13:50:00,501,501,49.99,2012,8,1,13,2
30,2012-08-06 23:16:00,568,568,49.99,2012,8,6,23,0
31,2012-08-08 17:45:00,545,545,49.99,2012,8,8,17,2
32,2012-08-09 17:14:00,558,558,49.99,2012,8,9,17,3
33,2012-08-12 01:39:00,577,577,49.99,2012,8,12,1,6
34,2012-08-12 19:26:00,648,648,49.99,2012,8,12,19,6
35,2012-08-15 03:07:00,669,669,49.99,2012,8,15,3,2
36,2012-08-16 10:58:00,587,587,49.99,2012,8,16,10,3
37,2012-08-17 00:42:00,581,581,49.99,2012,8,17,0,4
38,2012-08-17 00:43:00,584,584,49.99,2012,8,17,0,4
39,2012-08-18 09:15:00,638,638,49.99,2012,8,18,9,5
40,2012-08-20 08:19:00,676,676,49.99,2012,8,20,8,0
41,2012-08-23 12:16:00,717,717,49.99,2012,8,23,12,3
42,2012-08-24 15:15:00,661,661,49.99,2012,8,24,15,4
43,2012-08-27 04:21:00,694,694,49.99,2012,8,27,4,0
44,2012-08-27 14:26:00,668,668,49.99,2012,8,27,14,0
45,2012-08-29 00:16:00,739,739,49.99,2012,8,29,0,2
46,2012-08-29 14:11:00,718,718,49.99,2012,8,29,14,2
47,2012-09-01 10:36:00,780,780,49.99,2012,9,1,10,5
48,2012-09-03 21:08:00,786,786,49.99,2012,9,3,21,0
49,2012-09-08 09:52:00,760,760,49.99,2012,9,8,9,5
50,2012-09-12 12:31:00,844,844,49.99,2012,9,12,12,2
51,2012-09-13 07:09:00,823,823,49.99,2012,9,13,7,3
52,2012-09-14 07:45:00,883,883,49.99,2012,9,14,7,4
53,2012-09-14 09:09:00,818,818,49.99,2012,9,14,9,4
54,2012-09-14 21:56:00,900,900,49.99,2012,9,14,21,4
55,2012-09-15 09:00:00,838,838,49.99,2012,9,15,9,5
56,2012-09-15 19:18:00,807,807,49.99,2012,9,15,19,5
57,2012-09-18 08:07:00,910,910,49.99,2012,9,18,8,1
58,2012-09-19 19:57:00,849,849,49.99,2012,9,19,19,2
59,2012-09-22 17:50:00,988,988,49.99,2012,9,22,17,5
60,2012-09-24 12:27:00,934,934,49.99,2012,9,24,12,0
61,2012-09-24 15:13:00,993,993,49.99,2012,9,24,15,0
62,2012-09-24 20:49:00,950,950,49.99,2012,9,24,20,0
63,2012-09-25 08:14:00,969,969,49.99,2012,9,25,8,1
64,2012-09-27 01:07:00,953,953,49.99,2012,9,27,1,3
65,2012-09-27 04:26:00,905,905,49.99,2012,9,27,4,3
66,2012-09-29 19:44:00,941,941,49.99,2012,9,29,19,5
67,2012-09-30 10:29:00,939,939,49.99,2012,9,30,10,6
68,2012-10-02 19:14:00,1006,1006,49.99,2012,10,2,19,1
69,2012-10-05 11:06:00,1107,1107,49.99,2012,10,5,11,4
70,2012-10-05 18:22:00,1069,1069,49.99,2012,10,5,18,4
71,2012-10-06 00:04:00,984,984,49.99,2012,10,6,0,5
72,2012-10-06 07:54:00,1021,1021,49.99,2012,10,6,7,5
73,2012-10-07 01:25:00,1129,1129,49.99,2012,10,7,1,6
74,2012-10-07 15:51:00,1103,1103,49.99,2012,10,7,15,6
75,2012-10-08 15:43:00,1036,1036,49.99,2012,10,8,15,0
76,2012-10-10 10:23:00,1063,1063,49.99,2012,10,10,10,2
77,2012-10-10 13:15:00,1078,1078,49.99,2012,10,10,13,2
78,2012-10-10 15:18:00,1056,1056,49.99,2012,10,10,15,2
79,2012-10-13 21:35:00,1145,1145,49.99,2012,10,13,21,5
80,2012-10-14 19:15:00,1123,1123,49.99,2012,10,14,19,6
81,2012-10-17 12:24:00,1226,1226,49.99,2012,10,17,12,2
82,2012-10-20 13:42:00,1279,1279,49.99,2012,10,20,13,5
83,2012-10-20 17:49:00,1245,1245,49.99,2012,10,20,17,5
84,2012-10-21 19:42:00,1271,1271,49.99,2012,10,21,19,6
85,2012-10-22 11:33:00,1167,1167,49.99,2012,10,22,11,0
86,2012-10-22 14:28:00,1243,1243,49.99,2012,10,22,14,0
87,2012-10-23 18:58:00,1318,1318,49.99,2012,10,23,18,1
88,2012-10-25 04:26:00,1227,1227,49.99,2012,10,25,4,3
89,2012-10-26 07:25:00,1283,1283,49.99,2012,10,26,7,4
90,2012-10-28 06:17:00,1222,1222,49.99,2012,10,28,6,6
91,2012-10-29 00:19:00,1233,1233,49.99,2012,10,29,0,0
92,2012-11-01 08:02:00,1274,1274,49.99,2012,11,1,8,3
93,2012-11-01 17:40:00,1426,1426,49.99,2012,11,1,17,3
94,2012-11-01 18:56:00,1267,1267,49.99,2012,11,1,18,3
95,2012-11-02 14:46:00,1451,1451,49.99,2012,11,2,14,4
96,2012-11-03 18:58:00,1445,1445,49.99,2012,11,3,18,5
97,2012-11-04 06:41:00,1393,1393,49.99,2012,11,4,6,6
98,2012-11-05 18:35:00,1351,1351,49.99,2012,11,5,18,0
99,2012-11-06 16:47:00,1324,1324,49.99,2012,11,6,16,1
100,2012-11-06 17:59:00,1480,1480,49.99,2012,11,6,17,1
101,2012-11-07 10:23:00,1422,1422,49.99,2012,11,7,10,2
102,2012-11-09 07:25:00,1368,1368,49.99,2012,11,9,7,4
103,2012-11-11 02:57:00,1515,1515,49.99,2012,11,11,2,6
104,2012-11-12 13:31:00,1468,1468,49.99,2012,11,12,13,0
105,2012-11-13 04:28:00,1525,1525,49.99,2012,11,13,4,1
106,2012-11-13 18:51:00,1547,1547,49.99,2012,11,13,18,1
107,2012-11-14 01:09:00,1443,1443,49.99,2012,11,14,1,2
108,2012-11-14 20:42:00,1559,1559,49.99,2012,11,14,20,2
109,2012-11-15 03:18:00,1576,1576,49.99,2012,11,15,3,3
110,2012-11-15 22:31:00,1552,1552,49.99,2012,11,15,22,3
111,2012-11-17 16:07:00,1584,1584,49.99,2012,11,17,16,5
112,2012-11-17 20:47:00,1483,1483,49.99,2012,11,17,20,5
113,2012-11-18 11:31:00,1532,1532,49.99,2012,11,18,11,6
114,2012-11-18 22:56:00,1544,1544,49.99,2012,11,18,22,6
115,2012-11-19 17:29:00,1626,1626,49.99,2012,11,19,17,0
116,2012-11-21 06:39:00,1638,1638,49.99,2012,11,21,6,2
117,2012-11-21 18:20:00,1528,1528,49.99,2012,11,21,18,2
118,2012-11-22 01:35:00,1653,1653,49.99,2012,11,22,1,3
119,2012-11-25 21:13:00,1637,1637,49.99,2012,11,25,21,6
120,2012-11-25 21:54:00,1756,1756,49.99,2012,11,25,21,6
121,2012-11-26 03:35:00,1660,1660,49.99,2012,11,26,3,0
122,2012-11-26 15:40:00,1646,1646,49.99,2012,11,26,15,0
123,2012-11-26 23:13:00,1631,1631,49.99,2012,11,26,23,0
124,2012-11-27 09:18:00,1617,1617,49.99,2012,11,27,9,1
125,2012-11-27 09:36:00,1779,1779,49.99,2012,11,27,9,1
126,2012-11-27 18:57:00,1848,1848,49.99,2012,11,27,18,1
127,2012-11-27 19:18:00,1748,1748,49.99,2012,11,27,19,1
128,2012-11-28 01:24:00,1815,1815,49.99,2012,11,28,1,2
129,2012-11-28 12:23:00,1604,1604,49.99,2012,11,28,12,2
130,2012-11-29 17:23:00,1908,1908,49.99,2012,11,29,17,3
131,2012-11-30 10:45:00,1636,1636,49.99,2012,11,30,10,4
132,2012-12-02 16:26:00,2064,2064,49.99,2012,12,2,16,6
133,2012-12-02 20:46:00,2051,2051,49.99,2012,12,2,20,6
134,2012-12-02 23:09:00,1988,1988,49.99,2012,12,2,23,6
135,2012-12-03 00:54:00,1909,1909,49.99,2012,12,3,0,0
136,2012-12-03 22:16:00,1905,1905,49.99,2012,12,3,22,0
137,2012-12-03 22:45:00,1961,1961,49.99,2012,12,3,22,0
138,2012-12-04 02:54:00,1918,1918,49.99,2012,12,4,2,1
139,2012-12-04 15:16:00,1776,1776,49.99,2012,12,4,15,1
140,2012-12-04 17:07:00,2028,2028,49.99,2012,12,4,17,1
141,2012-12-05 13:29:00,1797,1797,49.99,2012,12,5,13,2
142,2012-12-05 14:58:00,1915,1915,49.99,2012,12,5,14,2
143,2012-12-05 21:25:00,1818,1818,49.99,2012,12,5,21,2
144,2012-12-06 00:11:00,1947,1947,49.99,2012,12,6,0,3
145,2012-12-08 09:35:00,1745,1745,49.99,2012,12,8,9,5
146,2012-12-09 02:30:00,2050,2050,49.99,2012,12,9,2,6
147,2012-12-11 09:41:00,2184,2184,49.99,2012,12,11,9,1
148,2012-12-12 17:40:00,2098,2098,49.99,2012,12,12,17,2
149,2012-12-13 18:49:00,2045,2045,49.99,2012,12,13,18,3
150,2012-12-13 21:56:00,2241,2241,49.99,2012,12,13,21,3
151,2012-12-14 00:26:00,2057,2057,49.99,2012,12,14,0,4
152,2012-12-15 01:53:00,2165,2165,49.99,2012,12,15,1,5
153,2012-12-15 18:15:00,2147,2147,49.99,2012,12,15,18,5
154,2012-12-18 06:03:00,2341,2341,49.99,2012,12,18,6,1
155,2012-12-18 10:33:00,2172,2172,49.99,2012,12,18,10,1
156,2012-12-18 16:32:00,2244,2244,49.99,2012,12,18,16,1
157,2012-12-19 10:27:00,2202,2202,49.99,2012,12,19,10,2
158,2012-12-20 10:37:00,2365,2365,49.99,2012,12,20,10,3
159,2012-12-21 23:38:00,2377,2377,49.99,2012,12,21,23,4
160,2012-12-22 07:03:00,2415,2415,49.99,2012,12,22,7,5
161,2012-12-23 12:55:00,2337,2337,49.99,2012,12,23,12,6
162,2012-12-24 02:35:00,2249,2249,49.99,2012,12,24,2,0
163,2012-12-26 16:24:00,2444,2444,49.99,2012,12,26,16,2
164,2012-12-26 20:36:00,2445,2445,49.99,2012,12,26,20,2
165,2012-12-26 21:48:00,2323,2323,49.99,2012,12,26,21,2
166,2012-12-27 18:09:00,2398,2398,49.99,2012,12,27,18,3
167,2012-12-28 15:07:00,2479,2479,49.99,2012,12,28,15,4
168,2012-12-31 17:05:00,2446,2446,49.99,2012,12,31,17,0
169,2012-12-31 22:19:00,2431,2431,49.99,2012,12,31,22,0
170,2013-01-01 14:30:00,2426,2426,49.99,2013,1,1,14,1
171,2013-01-04 00:06:00,2498,2498,49.99,2013,1,4,0,4
172,2013-01-04 11:38:00,2489,2489,49.99,2013,1,4,11,4
173,2013-01-05 17:00:00,2504,2504,49.99,2013,1,5,17,5
174,2013-01-06 01:50:00,2492,2492,49.99,2013,1,6,1,6
175,2013-01-06 07:42:00,2495,2495,49.99,2013,1,6,7,6
176,2013-01-07 01:10:00,2549,2549,49.99,2013,1,7,1,0
177,2013-01-07 17:47:00,2525,2525,49.99,2013,1,7,17,0
178,2013-01-09 17:13:00,2619,2619,49.99,2013,1,9,17,2
179,2013-01-10 20:07:00,2576,2576,49.99,2013,1,10,20,3
180,2013-01-12 05:10:00,2711,2711,49.99,2013,1,12,5,5
181,2013-01-15 12:24:00,2715,2715,49.99,2013,1,15,12,1
182,2013-01-15 13:09:00,2621,2621,49.99,2013,1,15,13,1
183,2013-01-17 04:44:00,2752,2752,49.99,2013,1,17,4,3
184,2013-01-17 18:44:00,2660,2660,49.99,2013,1,17,18,3
185,2013-01-19 22:51:00,2790,2790,49.99,2013,1,19,22,5
186,2013-01-24 13:47:00,2755,2755,49.99,2013,1,24,13,3
187,2013-01-27 04:11:00,2777,2777,49.99,2013,1,27,4,6
188,2013-01-27 04:20:00,2789,2789,49.99,2013,1,27,4,6
189,2013-01-28 08:17:00,2805,2805,49.99,2013,1,28,8,0
190,2013-01-29 06:53:00,2846,2846,59.99,2013,1,29,6,1
191,2013-02-01 19:47:00,2961,2961,49.99,2013,2,1,19,4
192,2013-02-01 21:10:00,2833,2833,49.99,2013,2,1,21,4
193,2013-02-02 14:05:00,2911,2911,49.99,2013,2,2,14,5
194,2013-02-03 20:08:00,2978,2978,49.99,2013,2,3,20,6
195,2013-02-06 16:47:00,2998,2998,59.99,2013,2,6,16,2
196,2013-02-07 05:42:00,2906,2906,49.99,2013,2,7,5,3
197,2013-02-07 20:48:00,2913,2913,49.99,2013,2,7,20,3
198,2013-02-10 23:31:00,2958,2958,49.99,2013,2,10,23,6
199,2013-02-12 00:01:00,3079,3079,49.99,2013,2,12,0,1
200,2013-02-12 11:30:00,3014,3014,49.99,2013,2,12,11,1
201,2013-02-12 13:57:00,3019,3019,49.99,2013,2,12,13,1
202,2013-02-13 02:20:00,2999,2999,49.99,2013,2,13,2,2
203,2013-02-14 01:34:00,3073,3073,49.99,2013,2,14,1,3
204,2013-02-20 05:32:00,3048,3048,49.99,2013,2,20,5,2
205,2013-02-20 05:50:00,3067,3067,49.99,2013,2,20,5,2
206,2013-02-20 06:06:00,3284,3284,59.99,2013,2,20,6,2
207,2013-02-22 05:03:00,3109,3109,49.99,2013,2,22,5,4
208,2013-02-22 16:58:00,3297,3297,49.99,2013,2,22,16,4
209,2013-02-26 16:19:00,3199,3199,49.99,2013,2,26,16,1
210,2013-02-27 02:11:00,3118,3118,49.99,2013,2,27,2,2
211,2013-02-27 15:03:00,3355,3355,49.99,2013,2,27,15,2
212,2013-02-28 01:47:00,3178,3178,49.99,2013,2,28,1,3
213,2013-02-28 03:34:00,3380,3380,49.99,2013,2,28,3,3
214,2013-03-02 02:09:00,3306,3306,49.99,2013,3,2,2,5
215,2013-03-02 02:13:00,3396,3396,49.99,2013,3,2,2,5
216,2013-03-04 02:16:00,3313,3313,49.99,2013,3,4,2,0
217,2013-03-05 03:49:00,3487,3487,49.99,2013,3,5,3,1
218,2013-03-05 05:29:00,3373,3373,49.99,2013,3,5,5,1
219,2013-03-05 09:12:00,3425,3425,49.99,2013,3,5,9,1
220,2013-03-06 05:10:00,3400,3400,49.99,2013,3,6,5,2
221,2013-03-06 07:46:00,3316,3316,49.99,2013,3,6,7,2
222,2013-03-07 21:42:00,3452,3452,49.99,2013,3,7,21,3
223,2013-03-08 12:47:00,3524,3524,49.99,2013,3,8,12,4
224,2013-03-08 22:58:00,3517,3517,49.99,2013,3,8,22,4
225,2013-03-10 19:23:00,3417,3417,49.99,2013,3,10,19,6
226,2013-03-17 21:26:00,3499,3499,59.99,2013,3,17,21,6
227,2013-03-19 07:16:00,3607,3607,49.99,2013,3,19,7,1
228,2013-03-19 09:49:00,3573,3573,49.99,2013,3,19,9,1
229,2013-03-20 07:28:00,3563,3563,59.99,2013,3,20,7,2
230,2013-03-21 11:20:00,3585,3585,49.99,2013,3,21,11,3
231,2013-03-22 13:12:00,3549,3549,49.99,2013,3,22,13,4
232,2013-03-24 09:17:00,3633,3633,49.99,2013,3,24,9,6
233,2013-03-26 03:39:00,3632,3632,49.99,2013,3,26,3,1
234,2013-03-31 17:52:00,3806,3806,49.99,2013,3,31,17,6
235,2013-04-02 12:23:00,3713,3713,49.99,2013,4,2,12,1
236,2013-04-03 19:46:00,3769,3769,49.99,2013,4,3,19,2
237,2013-04-04 08:41:00,3764,3764,49.99,2013,4,4,8,3
238,2013-04-05 06:08:00,3807,3807,49.99,2013,4,5,6,4
239,2013-04-06 17:10:00,3757,3757,49.99,2013,4,6,17,5
240,2013-04-07 08:38:00,3814,3814,49.99,2013,4,7,8,6
241,2013-04-08 12:42:00,3798,3798,59.99,2013,4,8,12,0
242,2013-04-08 18:35:00,3856,3856,49.99,2013,4,8,18,0
243,2013-04-10 04:56:00,3811,3811,49.99,2013,4,10,4,2
244,2013-04-10 07:44:00,3953,3953,49.99,2013,4,10,7,2
245,2013-04-12 07:36:00,3866,3866,49.99,2013,4,12,7,4
246,2013-04-17 05:01:00,4033,4033,49.99,2013,4,17,5,2
247,2013-04-17 14:45:00,3933,3933,49.99,2013,4,17,14,2
248,2013-04-18 10:28:00,4114,4114,49.99,2013,4,18,10,3
249,2013-04-19 02:21:00,4112,4112,49.99,2013,4,19,2,4
250,2013-04-19 22:59:00,3989,3989,49.99,2013,4,19,22,4
251,2013-04-20 02:52:00,4182,4182,49.99,2013,4,20,2,5
252,2013-04-20 06:55:00,4045,4045,49.99,2013,4,20,6,5
253,2013-04-20 13:19:00,4005,4005,49.99,2013,4,20,13,5
254,2013-04-20 17:04:00,4001,4001,49.99,2013,4,20,17,5
255,2013-04-21 09:43:00,4065,4065,49.99,2013,4,21,9,6
256,2013-04-22 08:05:00,4037,4037,49.99,2013,4,22,8,0
257,2013-04-23 12:58:00,3993,3993,49.99,2013,4,23,12,1
258,2013-05-02 04:42:00,4222,4222,49.99,2013,5,2,4,3
259,2013-05-03 15:55:00,4304,4304,59.99,2013,5,3,15,4
260,2013-05-04 00:28:00,4396,4396,49.99,2013,5,4,0,5
261,2013-05-04 18:05:00,4344,4344,49.99,2013,5,4,18,5
262,2013-05-05 01:01:00,4257,4257,49.99,2013,5,5,1,6
263,2013-05-07 02:38:00,4438,4438,49.99,2013,5,7,2,1
264,2013-05-09 17:34:00,4420,4420,49.99,2013,5,9,17,3
265,2013-05-10 03:35:00,4444,4444,49.99,2013,5,10,3,4
266,2013-05-10 10:03:00,4507,4507,49.99,2013,5,10,10,4
267,2013-05-11 00:13:00,4310,4310,49.99,2013,5,11,0,5
268,2013-05-14 01:51:00,4494,4494,49.99,2013,5,14,1,1
269,2013-05-15 17:04:00,4543,4543,49.99,2013,5,15,17,2
270,2013-05-15 18:18:00,4590,4590,49.99,2013,5,15,18,2
271,2013-05-16 07:19:00,4423,4423,49.99,2013,5,16,7,3
272,2013-05-18 17:57:00,4696,4696,49.99,2013,5,18,17,5
273,2013-05-18 20:00:00,4564,4564,49.99,2013,5,18,20,5
274,2013-05-19 10:55:00,4610,4610,49.99,2013,5,19,10,6
275,2013-05-19 20:13:00,4608,4608,49.99,2013,5,19,20,6
276,2013-05-19 20:40:00,4576,4576,49.99,2013,5,19,20,6
277,2013-05-20 13:06:00,4710,4710,49.99,2013,5,20,13,0
278,2013-05-21 23:59:00,4611,4611,49.99,2013,5,21,23,1
279,2013-05-23 14:00:00,4654,4654,49.99,2013,5,23,14,3
280,2013-05-23 17:27:00,4620,4620,49.99,2013,5,23,17,3
281,2013-05-26 23:35:00,4679,4679,59.99,2013,5,26,23,6
282,2013-05-27 09:45:00,4793,4793,49.99,2013,5,27,9,0
283,2013-05-27 21:46:00,4706,4706,49.99,2013,5,27,21,0
284,2013-05-28 05:44:00,4726,4726,49.99,2013,5,28,5,1
285,2013-05-28 10:43:00,4825,4825,49.99,2013,5,28,10,1
286,2013-05-28 22:10:00,4680,4680,49.99,2013,5,28,22,1
287,2013-05-29 00:40:00,4760,4760,59.99,2013,5,29,0,2
288,2013-05-31 18:17:00,4758,4758,49.99,2013,5,31,18,4
289,2013-06-03 23:06:00,4989,4989,49.99,2013,6,3,23,0
290,2013-06-04 06:54:00,4915,4915,49.99,2013,6,4,6,1
291,2013-06-04 14:12:00,4900,4900,49.99,2013,6,4,14,1
292,2013-06-04 20:48:00,4807,4807,49.99,2013,6,4,20,1
293,2013-06-07 10:18:00,4874,4874,49.99,2013,6,7,10,4
294,2013-06-07 19:37:00,4879,4879,49.99,2013,6,7,19,4
295,2013-06-08 21:55:00,5100,5100,49.99,2013,6,8,21,5
296,2013-06-08 23:33:00,5095,5095,49.99,2013,6,8,23,5
297,2013-06-09 03:43:00,5051,5051,49.99,2013,6,9,3,6
298,2013-06-09 13:24:00,4993,4993,49.99,2013,6,9,13,6
299,2013-06-09 17:42:00,4953,4953,49.99,2013,6,9,17,6
300,2013-06-11 01:06:00,4907,4907,49.99,2013,6,11,1,1
301,2013-06-11 03:12:00,5023,5023,49.99,2013,6,11,3,1
302,2013-06-11 21:45:00,5134,5134,49.99,2013,6,11,21,1
303,2013-06-13 12:18:00,4912,4912,49.99,2013,6,13,12,3
304,2013-06-17 23:10:00,5007,5007,59.99,2013,6,17,23,0
305,2013-06-18 06:57:00,5082,5082,49.99,2013,6,18,6,1
306,2013-06-18 12:08:00,5257,5257,59.99,2013,6,18,12,1
307,2013-06-18 21:43:00,5145,5145,49.99,2013,6,18,21,1
308,2013-06-19 11:47:00,5128,5128,49.99,2013,6,19,11,2
309,2013-06-19 14:16:00,5113,5113,49.99,2013,6,19,14,2
310,2013-06-20 01:37:00,5168,5168,49.99,2013,6,20,1,3
311,2013-06-20 03:04:00,5263,5263,59.99,2013,6,20,3,3
312,2013-06-20 11:43:00,5124,5124,49.99,2013,6,20,11,3
313,2013-06-21 03:48:00,5289,5289,59.99,2013,6,21,3,4
314,2013-06-22 15:45:00,5108,5108,49.99,2013,6,22,15,5
315,2013-06-24 02:44:00,5262,5262,49.99,2013,6,24,2,0
316,2013-06-24 15:52:00,5333,5333,49.99,2013,6,24,15,0
317,2013-06-27 04:27:00,5422,5422,49.99,2013,6,27,4,3
318,2013-06-27 04:52:00,5284,5284,49.99,2013,6,27,4,3
319,2013-06-27 14:13:00,5346,5346,49.99,2013,6,27,14,3
320,2013-06-27 17:50:00,5261,5261,49.99,2013,6,27,17,3
321,2013-06-28 06:53:00,5386,5386,49.99,2013,6,28,6,4
322,2013-06-28 23:54:00,5239,5239,59.99,2013,6,28,23,4
323,2013-07-01 03:30:00,5387,5387,49.99,2013,7,1,3,0
324,2013-07-01 05:03:00,5531,5531,49.99,2013,7,1,5,0
325,2013-07-01 09:39:00,5523,5523,49.99,2013,7,1,9,0
326,2013-07-02 00:22:00,5518,5518,49.99,2013,7,2,0,1
327,2013-07-03 10:54:00,5412,5412,49.99,2013,7,3,10,2
328,2013-07-03 13:20:00,5565,5565,49.99,2013,7,3,13,2
329,2013-07-03 13:41:00,5323,5323,49.99,2013,7,3,13,2
330,2013-07-03 15:47:00,5390,5390,49.99,2013,7,3,15,2
331,2013-07-03 18:05:00,5462,5462,49.99,2013,7,3,18,2
332,2013-07-04 02:35:00,5408,5408,49.99,2013,7,4,2,3
333,2013-07-05 01:53:00,5430,5430,49.99,2013,7,5,1,4
334,2013-07-06 08:00:00,5474,5474,49.99,2013,7,6,8,5
335,2013-07-07 02:47:00,5496,5496,49.99,2013,7,7,2,6
336,2013-07-07 12:52:00,5569,5569,49.99,2013,7,7,12,6
337,2013-07-07 14:19:00,5405,5405,49.99,2013,7,7,14,6
338,2013-07-07 14:20:00,5586,5586,49.99,2013,7,7,14,6
339,2013-07-08 03:47:00,5574,5574,49.99,2013,7,8,3,0
340,2013-07-08 13:37:00,5616,5616,49.99,2013,7,8,13,0
341,2013-07-09 04:00:00,5451,5451,49.99,2013,7,9,4,1
342,2013-07-09 06:03:00,5635,5635,49.99,2013,7,9,6,1
343,2013-07-11 08:00:00,5631,5631,49.99,2013,7,11,8,3
344,2013-07-11 15:40:00,5663,5663,49.99,2013,7,11,15,3
345,2013-07-12 07:03:00,5700,5700,49.99,2013,7,12,7,4
346,2013-07-12 21:00:00,5712,5712,49.99,2013,7,12,21,4
347,2013-07-13 09:03:00,5607,5607,49.99,2013,7,13,9,5
348,2013-07-14 08:59:00,5576,5576,49.99,2013,7,14,8,6
349,2013-07-14 13:17:00,5683,5683,49.99,2013,7,14,13,6
350,2013-07-15 19:22:00,5746,5746,49.99,2013,7,15,19,0
351,2013-07-16 07:11:00,5578,5578,49.99,2013,7,16,7,1
352,2013-07-18 22:37:00,5843,5843,49.99,2013,7,18,22,3
353,2013-07-21 01:03:00,5650,5650,49.99,2013,7,21,1,6
354,2013-07-22 00:53:00,5696,5696,49.99,2013,7,22,0,0
355,2013-07-22 13:38:00,5750,5750,59.99,2013,7,22,13,0
356,2013-07-22 16:36:00,5906,5906,49.99,2013,7,22,16,0
357,2013-07-23 00:18:00,5847,5847,59.99,2013,7,23,0,1
358,2013-07-25 09:25:00,5863,5863,49.99,2013,7,25,9,3
359,2013-07-25 12:16:00,5802,5802,49.99,2013,7,25,12,3
360,2013-07-25 12:44:00,5855,5855,49.99,2013,7,25,12,3
361,2013-07-26 07:06:00,5799,5799,49.99,2013,7,26,7,4
362,2013-07-27 06:08:00,6031,6031,49.99,2013,7,27,6,5
363,2013-07-27 23:29:00,5914,5914,49.99,2013,7,27,23,5
364,2013-07-28 22:35:00,5865,5865,49.99,2013,7,28,22,6
365,2013-07-29 14:16:00,5938,5938,49.99,2013,7,29,14,0
366,2013-07-29 22:14:00,5946,5946,49.99,2013,7,29,22,0
367,2013-07-31 17:11:00,6074,6074,49.99,2013,7,31,17,2
368,2013-08-01 13:54:00,6047,6047,49.99,2013,8,1,13,3
369,2013-08-02 14:28:00,6158,6158,49.99,2013,8,2,14,4
370,2013-08-05 03:29:00,6054,6054,49.99,2013,8,5,3,0
371,2013-08-05 06:30:00,5933,5933,49.99,2013,8,5,6,0
372,2013-08-06 15:56:00,5993,5993,59.99,2013,8,6,15,1
373,2013-08-06 23:05:00,6052,6052,49.99,2013,8,6,23,1
374,2013-08-07 03:10:00,6139,6139,49.99,2013,8,7,3,2
375,2013-08-07 17:43:00,6195,6195,49.99,2013,8,7,17,2
376,2013-08-07 18:48:00,6075,6075,49.99,2013,8,7,18,2
377,2013-08-08 01:45:00,6059,6059,49.99,2013,8,8,1,3
378,2013-08-08 05:48:00,6008,6008,49.99,2013,8,8,5,3
379,2013-08-09 02:05:00,6269,6269,49.99,2013,8,9,2,4
380,2013-08-09 18:01:00,6110,6110,49.99,2013,8,9,18,4
381,2013-08-11 08:49:00,6226,6226,49.99,2013,8,11,8,6
382,2013-08-11 21:31:00,6247,6247,49.99,2013,8,11,21,6
383,2013-08-12 11:23:00,6251,6251,49.99,2013,8,12,11,0
384,2013-08-13 19:22:00,6324,6324,49.99,2013,8,13,19,1
385,2013-08-13 19:29:00,6103,6103,49.99,2013,8,13,19,1
386,2013-08-14 20:55:00,6173,6173,49.99,2013,8,14,20,2
387,2013-08-16 18:07:00,6215,6215,49.99,2013,8,16,18,4
388,2013-08-17 11:59:00,6244,6244,49.99,2013,8,17,11,5
389,2013-08-18 14:43:00,6395,6395,59.99,2013,8,18,14,6
390,2013-08-19 00:45:00,6387,6387,49.99,2013,8,19,0,0
391,2013-08-19 06:11:00,6259,6259,49.99,2013,8,19,6,0
392,2013-08-19 10:30:00,6273,6273,49.99,2013,8,19,10,0
393,2013-08-19 20:05:00,6421,6421,49.99,2013,8,19,20,0
394,2013-08-20 01:34:00,6302,6302,49.99,2013,8,20,1,1
395,2013-08-23 11:30:00,6355,6355,49.99,2013,8,23,11,4
396,2013-08-23 20:08:00,6432,6432,49.99,2013,8,23,20,4
397,2013-08-25 14:35:00,6528,6528,49.99,2013,8,25,14,6
398,2013-08-25 18:27:00,6465,6465,49.99,2013,8,25,18,6
399,2013-08-26 18:26:00,6461,6461,49.99,2013,8,26,18,0
400,2013-08-27 07:05:00,6634,6634,49.99,2013,8,27,7,1
401,2013-08-29 04:21:00,6451,6451,49.99,2013,8,29,4,3
402,2013-08-29 12:26:00,6526,6526,49.99,2013,8,29,12,3
403,2013-09-01 04:47:00,6504,6504,49.99,2013,9,1,4,6
404,2013-09-02 21:26:00,6589,6589,49.99,2013,9,2,21,0
405,2013-09-03 11:29:00,6627,6627,49.99,2013,9,3,11,1
406,2013-09-07 08:56:00,6758,6758,49.99,2013,9,7,8,5
407,2013-09-08 06:13:00,6721,6721,49.99,2013,9,8,6,6
408,2013-09-10 12:36:00,6805,6805,49.99,2013,9,10,12,1
409,2013-09-11 03:49:00,6743,6743,49.99,2013,9,11,3,2
410,2013-09-11 23:05:00,6882,6882,49.99,2013,9,11,23,2
411,2013-09-12 02:42:00,6899,6899,49.99,2013,9,12,2,3
412,2013-09-13 18:33:00,6943,6943,49.99,2013,9,13,18,4
413,2013-09-14 01:52:00,6750,6750,49.99,2013,9,14,1,5
414,2013-09-16 20:39:00,6940,6940,49.99,2013,9,16,20,0
415,2013-09-16 22:24:00,6825,6825,49.99,2013,9,16,22,0
416,2013-09-17 16:28:00,6865,6865,49.99,2013,9,17,16,1
417,2013-09-17 20:47:00,7009,7009,49.99,2013,9,17,20,1
418,2013-09-18 13:29:00,6991,6991,49.99,2013,9,18,13,2
419,2013-09-19 18:39:00,7035,7035,49.99,2013,9,19,18,3
420,2013-09-20 14:30:00,6947,6947,49.99,2013,9,20,14,4
421,2013-09-21 22:18:00,6952,6952,49.99,2013,9,21,22,5
422,2013-09-22 23:10:00,6981,6981,49.99,2013,9,22,23,6
423,2013-09-23 03:03:00,6999,6999,49.99,2013,9,23,3,0
424,2013-09-25 05:22:00,7154,7154,49.99,2013,9,25,5,2
425,2013-09-26 20:43:00,7250,7250,49.99,2013,9,26,20,3
426,2013-09-30 01:36:00,7077,7077,49.99,2013,9,30,1,0
427,2013-10-02 03:32:00,7230,7230,49.99,2013,10,2,3,2
428,2013-10-02 19:43:00,7354,7351,59.99,2013,10,2,19,2
429,2013-10-04 22:30:00,7164,7164,49.99,2013,10,4,22,4
430,2013-10-04 23:06:00,7192,7192,49.99,2013,10,4,23,4
431,2013-10-06 04:31:00,7480,7473,49.99,2013,10,6,4,6
432,2013-10-06 22:07:00,7512,7503,49.99,2013,10,6,22,6
433,2013-10-07 04:37:00,7259,7259,49.99,2013,10,7,4,0
434,2013-10-08 21:41:00,7323,7320,49.99,2013,10,8,21,1
435,2013-10-09 13:13:00,7308,7306,49.99,2013,10,9,13,2
436,2013-10-11 05:30:00,7533,7522,49.99,2013,10,11,5,4
437,2013-10-14 23:30:00,7582,7567,59.99,2013,10,14,23,0
438,2013-10-15 00:17:00,7502,7493,49.99,2013,10,15,0,1
439,2013-10-19 11:41:00,7741,7718,49.99,2013,10,19,11,5
440,2013-10-21 16:51:00,7736,7713,49.99,2013,10,21,16,0
441,2013-10-22 18:03:00,7636,7616,49.99,2013,10,22,18,1
442,2013-10-23 14:51:00,7889,7863,49.99,2013,10,23,14,2
443,2013-10-24 09:28:00,7598,7582,49.99,2013,10,24,9,3
444,2013-10-26 06:25:00,7667,7647,49.99,2013,10,26,6,5
445,2013-10-28 10:54:00,8014,7984,49.99,2013,10,28,10,0
446,2013-11-01 16:52:00,7847,7821,49.99,2013,11,1,16,4
447,2013-11-01 17:19:00,7877,7851,59.99,2013,11,1,17,4
448,2013-11-02 10:20:00,7945,7916,49.99,2013,11,2,10,5
449,2013-11-03 19:47:00,8101,8069,49.99,2013,11,3,19,6
450,2013-11-05 16:01:00,8164,8128,49.99,2013,11,5,16,1
451,2013-11-06 18:24:00,8041,8011,49.99,2013,11,6,18,2
452,2013-11-07 05:48:00,7939,7910,49.99,2013,11,7,5,3
453,2013-11-07 06:57:00,8049,8019,49.99,2013,11,7,6,3
454,2013-11-13 22:31:00,8270,8232,49.99,2013,11,13,22,2
455,2013-11-15 02:25:00,8287,8248,49.99,2013,11,15,2,4
456,2013-11-22 09:14:00,8530,8481,49.99,2013,11,22,9,4
457,2013-11-22 13:33:00,8521,8472,49.99,2013,11,22,13,4
458,2013-11-24 09:50:00,8578,8527,49.99,2013,11,24,9,6
459,2013-11-25 15:12:00,8359,8319,59.99,2013,11,25,15,0
460,2013-11-25 19:05:00,8657,8604,49.99,2013,11,25,19,0
461,2013-11-27 07:35:00,8637,8586,49.99,2013,11,27,7,2
462,2013-11-27 18:59:00,8602,8551,49.99,2013,11,27,18,2
463,2013-11-28 01:44:00,8703,8647,59.99,2013,11,28,1,3
464,2013-12-01 08:03:00,8783,8722,49.99,2013,12,1,8,6
465,2013-12-01 17:57:00,8732,8674,49.99,2013,12,1,17,6
466,2013-12-02 04:41:00,8729,8671,49.99,2013,12,2,4,0
467,2013-12-03 05:30:00,9052,8979,49.99,2013,12,3,5,1
468,2013-12-03 14:51:00,8737,8678,49.99,2013,12,3,14,1
469,2013-12-04 14:42:00,8911,8843,49.99,2013,12,4,14,2
470,2013-12-05 09:22:00,8675,8622,59.99,2013,12,5,9,3
471,2013-12-06 19:16:00,9086,9010,49.99,2013,12,6,19,4
472,2013-12-07 04:38:00,8856,8789,49.99,2013,12,7,4,5
473,2013-12-07 11:04:00,8836,8770,49.99,2013,12,7,11,5
474,2013-12-08 07:14:00,8935,8867,49.99,2013,12,8,7,6
475,2013-12-08 07:28:00,8967,8896,59.99,2013,12,8,7,6
476,2013-12-09 20:11:00,8957,8887,49.99,2013,12,9,20,0
477,2013-12-10 01:44:00,8929,8861,49.99,2013,12,10,1,1
478,2013-12-10 11:08:00,8978,8906,49.99,2013,12,10,11,1
479,2013-12-10 15:51:00,8997,8925,49.99,2013,12,10,15,1
480,2013-12-10 20:42:00,9069,8996,49.99,2013,12,10,20,1
481,2013-12-11 03:20:00,9181,9103,59.99,2013,12,11,3,2
482,2013-12-11 13:27:00,8992,8920,49.99,2013,12,11,13,2
483,2013-12-12 13:14:00,9378,9297,49.99,2013,12,12,13,3
484,2013-12-13 10:50:00,8915,8847,49.99,2013,12,13,10,4
485,2013-12-13 19:03:00,9386,9304,59.99,2013,12,13,19,4
486,2013-12-14 03:53:00,9344,9264,49.99,2013,12,14,3,5
487,2013-12-14 15:33:00,8849,8782,49.99,2013,12,14,15,5
488,2013-12-16 11:50:00,9407,9324,59.99,2013,12,16,11,0
489,2013-12-16 14:51:00,9359,9278,49.99,2013,12,16,14,0
490,2013-12-17 22:11:00,9550,9456,45.99,2013,12,17,22,1
491,2013-12-18 20:11:00,9324,9244,49.99,2013,12,18,20,2
492,2013-12-19 21:50:00,9406,9324,49.99,2013,12,19,21,3
493,2013-12-20 08:33:00,9443,9356,49.99,2013,12,20,8,4
494,2013-12-22 03:33:00,9753,9637,45.99,2013,12,22,3,6
495,2013-12-22 20:59:00,9705,9593,49.99,2013,12,22,20,6
496,2013-12-23 07:35:00,9831,9708,49.99,2013,12,23,7,0
497,2013-12-23 08:06:00,9632,9530,49.99,2013,12,23,8,0
498,2013-12-23 14:07:00,9717,9604,49.99,2013,12,23,14,0
499,2013-12-24 22:26:00,9413,9330,49.99,2013,12,24,22,1
500,2013-12-26 21:12:00,9662,9557,49.99,2013,12,26,21,3
501,2013-12-27 07:23:00,9668,9562,49.99,2013,12,27,7,4
502,2013-12-27 09:07:00,9844,9720,45.99,2013,12,27,9,4
503,2013-12-27 20:01:00,9508,9417,45.99,2013,12,27,20,4
504,2013-12-28 22:25:00,9752,9636,49.99,2013,12,28,22,5
505,2013-12-29 04:25:00,9658,9553,45.99,2013,12,29,4,6
506,2013-12-30 11:01:00,9886,9759,45.99,2013,12,30,11,0
507,2013-12-31 14:12:00,9821,9700,49.99,2013,12,31,14,1
508,2013-12-31 22:38:00,9611,9512,49.99,2013,12,31,22,1
509,2014-01-03 00:42:00,9971,9838,59.99,2014,1,3,0,4
510,2014-01-03 22:46:00,10104,9949,45.99,2014,1,3,22,4
511,2014-01-05 00:43:00,10075,9925,45.99,2014,1,5,0,6
512,2014-01-06 07:13:00,10047,9903,45.99,2014,1,6,7,0
513,2014-01-06 10:30:00,10274,10098,49.99,2014,1,6,10,0
514,2014-01-07 05:19:00,9891,9763,45.99,2014,1,7,5,1
515,2014-01-07 12:18:00,10068,9919,49.99,2014,1,7,12,1
516,2014-01-08 17:28:00,10285,10109,49.99,2014,1,8,17,2
517,2014-01-09 14:13:00,10207,10041,45.99,2014,1,9,14,3
518,2014-01-12 19:15:00,10321,10143,59.99,2014,1,12,19,6
519,2014-01-14 18:19:00,10509,10309,45.99,2014,1,14,18,1
520,2014-01-14 19:40:00,10430,10241,59.99,2014,1,14,19,1
521,2014-01-15 20:06:00,10330,10151,45.99,2014,1,15,20,2
522,2014-01-16 01:14:00,10604,10395,45.99,2014,1,16,1,3
523,2014-01-17 01:59:00,10540,10335,45.99,2014,1,17,1,4
524,2014-01-17 06:59:00,10301,10124,49.99,2014,1,17,6,4
525,2014-01-17 17:53:00,10334,10155,49.99,2014,1,17,17,4
526,2014-01-19 08:22:00,10699,10478,45.99,2014,1,19,8,6
527,2014-01-20 06:39:00,10577,10371,49.99,2014,1,20,6,0
528,2014-01-20 18:13:00,10373,10191,49.99,2014,1,20,18,0
529,2014-01-21 02:43:00,10503,10304,49.99,2014,1,21,2,1
530,2014-01-21 17:37:00,10707,10486,49.99,2014,1,21,17,1
531,2014-01-22 20:04:00,10771,10540,49.99,2014,1,22,20,2
532,2014-01-22 20:47:00,10385,10202,45.99,2014,1,22,20,2
533,2014-01-23 06:10:00,10671,10454,49.99,2014,1,23,6,3
534,2014-01-23 06:59:00,10669,10453,49.99,2014,1,23,6,3
535,2014-01-25 12:11:00,10820,10582,45.99,2014,1,25,12,5
536,2014-01-25 19:50:00,10513,10312,49.99,2014,1,25,19,5
537,2014-01-27 21:08:00,10690,10470,59.99,2014,1,27,21,0
538,2014-01-28 09:57:00,10977,10719,49.99,2014,1,28,9,1
539,2014-01-28 13:22:00,10673,10456,49.99,2014,1,28,13,1
540,2014-01-28 22:50:00,10854,10610,45.99,2014,1,28,22,1
541,2014-01-29 13:24:00,10653,10439,49.99,2014,1,29,13,2
542,2014-01-30 04:06:00,10624,10413,49.99,2014,1,30,4,3
543,2014-01-30 10:46:00,10618,10408,59.99,2014,1,30,10,3
544,2014-01-31 10:37:00,10859,10615,49.99,2014,1,31,10,4
545,2014-02-01 03:08:00,10792,10558,49.99,2014,2,1,3,5
546,2014-02-01 03:22:00,10721,10497,49.99,2014,2,1,3,5
547,2014-02-02 00:25:00,10949,10693,49.99,2014,2,2,0,6
548,2014-02-02 05:38:00,10786,10553,49.99,2014,2,2,5,6
549,2014-02-02 12:30:00,10746,10519,49.99,2014,2,2,12,6
550,2014-02-02 21:05:00,10934,10678,45.99,2014,2,2,21,6
551,2014-02-03 12:01:00,10851,10607,49.99,2014,2,3,12,0
552,2014-02-04 13:36:00,10994,10736,49.99,2014,2,4,13,1
553,2014-02-05 06:19:00,10965,10707,49.99,2014,2,5,6,2
554,2014-02-05 10:56:00,11162,10885,49.99,2014,2,5,10,2
555,2014-02-05 16:23:00,11368,11062,49.99,2014,2,5,16,2
556,2014-02-06 04:08:00,11313,11018,49.99,2014,2,6,4,3
557,2014-02-06 12:15:00,11030,10769,49.99,2014,2,6,12,3
558,2014-02-07 02:50:00,11110,10839,45.99,2014,2,7,2,4
559,2014-02-08 22:50:00,11418,11106,49.99,2014,2,8,22,5
560,2014-02-09 01:42:00,11153,10877,49.99,2014,2,9,1,6
561,2014-02-09 06:23:00,11155,10878,49.99,2014,2,9,6,6
562,2014-02-09 08:01:00,11554,11208,45.99,2014,2,9,8,6
563,2014-02-10 05:50:00,11525,11188,49.99,2014,2,10,5,0
564,2014-02-10 07:35:00,11455,11139,49.99,2014,2,10,7,0
565,2014-02-10 20:08:00,11199,10917,45.99,2014,2,10,20,0
566,2014-02-11 17:13:00,11272,10983,49.99,2014,2,11,17,1
567,2014-02-12 01:32:00,11144,10869,45.99,2014,2,12,1,2
568,2014-02-12 03:28:00,11393,11084,45.99,2014,2,12,3,2
569,2014-02-14 08:29:00,11184,10904,49.99,2014,2,14,8,4
570,2014-02-14 09:10:00,11482,11157,45.99,2014,2,14,9,4
571,2014-02-14 09:38:00,11439,11124,49.99,2014,2,14,9,4
572,2014-02-14 17:13:00,11758,11367,59.99,2014,2,14,17,4
573,2014-02-14 17:59:00,11788,11390,45.99,2014,2,14,17,4
574,2014-02-15 14:12:00,11550,11206,45.99,2014,2,15,14,5
575,2014-02-15 21:54:00,11600,11244,49.99,2014,2,15,21,5
576,2014-02-17 22:42:00,11493,11165,29.99,2014,2,17,22,0
577,2014-02-18 20:53:00,11557,11211,49.99,2014,2,18,20,1
578,2014-02-20 14:42:00,11944,11511,45.99,2014,2,20,14,3
579,2014-02-22 09:50:00,12144,11658,49.99,2014,2,22,9,5
580,2014-02-22 18:45:00,12068,11603,49.99,2014,2,22,18,5
581,2014-02-23 12:02:00,11629,11265,59.99,2014,2,23,12,6
582,2014-02-23 16:11:00,12174,11680,49.99,2014,2,23,16,6
583,2014-02-24 00:08:00,12330,11787,45.99,2014,2,24,0,0
584,2014-02-24 08:18:00,11825,11419,59.99,2014,2,24,8,0
585,2014-02-24 13:55:00,11955,11522,59.99,2014,2,24,13,0
586,2014-02-25 19:36:00,11778,11382,59.99,2014,2,25,19,1
587,2014-02-26 13:26:00,12044,11588,49.99,2014,2,26,13,2
588,2014-02-26 15:13:00,12097,11626,49.99,2014,2,26,15,2
589,2014-02-26 17:19:00,12320,11780,45.99,2014,2,26,17,2
590,2014-02-27 09:25:00,12444,11877,49.99,2014,2,27,9,3
591,2014-02-27 14:34:00,12175,11681,45.99,2014,2,27,14,3
592,2014-02-28 02:31:00,12373,11822,49.99,2014,2,28,2,4
593,2014-02-28 21:22:00,12438,11873,45.99,2014,2,28,21,4
594,2014-03-01 10:59:00,11974,11535,59.99,2014,3,1,10,5
595,2014-03-01 13:21:00,12122,11643,45.99,2014,3,1,13,5
596,2014-03-01 20:14:00,12430,11866,29.99,2014,3,1,20,5
597,2014-03-02 02:18:00,12035,11582,49.99,2014,3,2,2,6
598,2014-03-02 20:08:00,12359,11811,45.99,2014,3,2,20,6
599,2014-03-02 20:33:00,12406,11848,49.99,2014,3,2,20,6
600,2014-03-03 23:49:00,12135,11652,49.99,2014,3,3,23,0
601,2014-03-04 19:59:00,12287,11760,45.99,2014,3,4,19,1
602,2014-03-05 11:49:00,12608,11999,49.99,2014,3,5,11,2
603,2014-03-08 00:37:00,12744,12101,49.99,2014,3,8,0,5
604,2014-03-08 01:13:00,12737,12095,49.99,2014,3,8,1,5
605,2014-03-09 05:12:00,12761,12115,45.99,2014,3,9,5,6
606,2014-03-09 06:52:00,12403,11845,49.99,2014,3,9,6,6
607,2014-03-09 19:25:00,12544,11951,49.99,2014,3,9,19,6
608,2014-03-11 04:40:00,12531,11941,49.99,2014,3,11,4,1
609,2014-03-13 03:24:00,12591,11987,49.99,2014,3,13,3,3
610,2014-03-13 03:26:00,12738,12096,49.99,2014,3,13,3,3
611,2014-03-14 14:28:00,12560,11964,45.99,2014,3,14,14,4
612,2014-03-15 04:16:00,13175,12436,49.99,2014,3,15,4,5
613,2014-03-15 09:09:00,12869,12198,49.99,2014,3,15,9,5
614,2014-03-16 10:27:00,12724,12085,49.99,2014,3,16,10,6
615,2014-03-16 15:24:00,12844,12179,59.99,2014,3,16,15,6
616,2014-03-17 18:34:00,13224,12470,49.99,2014,3,17,18,0
617,2014-03-18 01:20:00,13251,12491,45.99,2014,3,18,1,1
618,2014-03-18 12:58:00,12902,12225,45.99,2014,3,18,12,1
619,2014-03-19 19:06:00,13003,12295,49.99,2014,3,19,19,2
620,2014-03-20 04:50:00,12970,12273,45.99,2014,3,20,4,3
621,2014-03-20 10:40:00,13150,12414,49.99,2014,3,20,10,3
622,2014-03-21 02:37:00,13405,12601,49.99,2014,3,21,2,4
623,2014-03-22 21:17:00,13530,12694,45.99,2014,3,22,21,5
624,2014-03-23 13:10:00,12960,12267,45.99,2014,3,23,13,6
625,2014-03-23 22:27:00,13165,12428,49.99,2014,3,23,22,6
626,2014-03-24 15:46:00,13651,12783,49.99,2014,3,24,15,0
627,2014-03-24 20:15:00,13259,12497,45.99,2014,3,24,20,0
628,2014-03-25 06:33:00,13108,12377,49.99,2014,3,25,6,1
629,2014-03-25 18:40:00,13230,12474,29.99,2014,3,25,18,1
630,2014-03-26 02:11:00,13669,12798,49.99,2014,3,26,2,2
631,2014-03-26 09:52:00,13542,12704,49.99,2014,3,26,9,2
632,2014-03-26 14:46:00,13508,12677,45.99,2014,3,26,14,2
633,2014-03-27 12:38:00,13343,12553,59.99,2014,3,27,12,3
634,2014-03-28 11:16:00,13606,12749,45.99,2014,3,28,11,4
635,2014-03-28 12:21:00,13438,12626,45.99,2014,3,28,12,4
636,2014-03-28 13:07:00,13400,12596,49.99,2014,3,28,13,4
637,2014-03-29 14:27:00,13817,12905,49.99,2014,3,29,14,5
638,2014-03-30 22:35:00,13452,12637,49.99,2014,3,30,22,6
639,2014-04-01 11:14:00,13903,12967,45.99,2014,4,1,11,1
640,2014-04-02 03:44:00,13904,12968,45.99,2014,4,2,3,2
641,2014-04-02 10:48:00,13458,12640,49.99,2014,4,2,10,2
642,2014-04-02 21:25:00,13769,12868,45.99,2014,4,2,21,2
643,2014-04-04 04:14:00,13855,12932,45.99,2014,4,4,4,4
644,2014-04-04 04:48:00,13766,12866,49.99,2014,4,4,4,4
645,2014-04-04 13:08:00,13956,13006,45.99,2014,4,4,13,4
646,2014-04-04 18:11:00,13983,13028,45.99,2014,4,4,18,4
647,2014-04-05 04:16:00,13962,13011,49.99,2014,4,5,4,5
648,2014-04-05 18:00:00,13939,12994,49.99,2014,4,5,18,5
649,2014-04-06 17:59:00,13798,12891,45.99,2014,4,6,17,6
650,2014-04-07 13:50:00,14161,13162,49.99,2014,4,7,13,0
651,2014-04-08 05:13:00,13934,12989,49.99,2014,4,8,5,1
652,2014-04-09 21:50:00,14244,13227,49.99,2014,4,9,21,2
653,2014-04-10 04:04:00,14320,13285,49.99,2014,4,10,4,3
654,2014-04-10 07:27:00,14331,13293,49.99,2014,4,10,7,3
655,2014-04-11 07:40:00,13883,12951,59.99,2014,4,11,7,4
656,2014-04-11 08:27:00,14397,13339,45.99,2014,4,11,8,4
657,2014-04-11 10:24:00,14216,13206,49.99,2014,4,11,10,4
658,2014-04-12 05:30:00,13964,13012,49.99,2014,4,12,5,5
659,2014-04-13 04:59:00,14429,13361,49.99,2014,4,13,4,6
660,2014-04-13 06:48:00,14175,13172,49.99,2014,4,13,6,6
661,2014-04-13 19:40:00,14377,13324,49.99,2014,4,13,19,6
662,2014-04-16 00:44:00,14160,13161,49.99,2014,4,16,0,2
663,2014-04-17 15:06:00,14610,13503,49.99,2014,4,17,15,3
664,2014-04-18 04:58:00,14798,13640,49.99,2014,4,18,4,4
665,2014-04-18 14:31:00,14407,13345,49.99,2014,4,18,14,4
666,2014-04-19 02:35:00,14803,13644,49.99,2014,4,19,2,5
667,2014-04-19 08:20:00,14466,13389,49.99,2014,4,19,8,5
668,2014-04-19 12:23:00,14432,13363,49.99,2014,4,19,12,5
669,2014-04-20 12:19:00,14721,13586,45.99,2014,4,20,12,6
670,2014-04-20 13:12:00,14444,13372,49.99,2014,4,20,13,6
671,2014-04-20 15:16:00,14985,13785,49.99,2014,4,20,15,6
672,2014-04-21 02:44:00,14591,13489,45.99,2014,4,21,2,0
673,2014-04-21 12:36:00,14427,13360,49.99,2014,4,21,12,0
674,2014-04-21 19:09:00,14920,13737,45.99,2014,4,21,19,0
675,2014-04-22 07:02:00,14975,13778,49.99,2014,4,22,7,1
676,2014-04-22 07:08:00,15005,13798,49.99,2014,4,22,7,1
677,2014-04-22 15:39:00,14785,13630,45.99,2014,4,22,15,1
678,2014-04-23 03:12:00,14832,13667,45.99,2014,4,23,3,2
679,2014-04-24 02:49:00,14766,13618,45.99,2014,4,24,2,3
680,2014-04-24 04:28:00,15133,13889,59.99,2014,4,24,4,3
681,2014-04-24 20:20:00,14554,13458,49.99,2014,4,24,20,3
682,2014-04-25 07:19:00,15207,13946,45.99,2014,4,25,7,4
683,2014-04-25 13:14:00,14628,13516,45.99,2014,4,25,13,4
684,2014-04-25 18:29:00,14838,13672,49.99,2014,4,25,18,4
685,2014-04-26 12:10:00,15115,13875,49.99,2014,4,26,12,5
686,2014-04-27 05:43:00,14855,13687,49.99,2014,4,27,5,6
687,2014-04-27 09:17:00,15256,13986,45.99,2014,4,27,9,6
688,2014-04-27 14:23:00,14851,13683,49.99,2014,4,27,14,6
689,2014-04-28 22:56:00,14742,13602,49.99,2014,4,28,22,0
690,2014-04-29 00:42:00,15353,14054,49.99,2014,4,29,0,1
691,2014-04-29 09:55:00,14996,13792,59.99,2014,4,29,9,1
692,2014-04-29 10:32:00,15391,14081,45.99,2014,4,29,10,1
693,2014-04-30 19:04:00,14771,13622,49.99,2014,4,30,19,2
694,2014-05-01 00:31:00,15140,13894,45.99,2014,5,1,0,3
695,2014-05-01 18:03:00,15188,13930,49.99,2014,5,1,18,3
696,2014-05-02 16:55:00,14946,13756,45.99,2014,5,2,16,4
697,2014-05-03 03:09:00,15108,13871,49.99,2014,5,3,3,5
698,2014-05-04 07:02:00,15811,14392,49.99,2014,5,4,7,6
699,2014-05-04 07:32:00,15518,14172,29.99,2014,5,4,7,6
700,2014-05-04 15:54:00,15255,13985,59.99,2014,5,4,15,6
701,2014-05-05 03:44:00,15848,14419,45.99,2014,5,5,3,0
702,2014-05-05 13:42:00,15266,13994,29.99,2014,5,5,13,0
703,2014-05-06 20:02:00,15399,14086,49.99,2014,5,6,20,1
704,2014-05-07 03:07:00,15377,14070,45.99,2014,5,7,3,2
705,2014-05-07 06:43:00,15926,14476,45.99,2014,5,7,6,2
706,2014-05-08 15:13:00,15482,14146,29.99,2014,5,8,15,3
707,2014-05-08 16:54:00,15571,14213,45.99,2014,5,8,16,3
708,2014-05-09 01:36:00,15703,14314,45.99,2014,5,9,1,4
709,2014-05-09 05:29:00,15508,14165,45.99,2014,5,9,5,4
710,2014-05-09 09:10:00,15709,14317,59.99,2014,5,9,9,4
711,2014-05-09 17:22:00,15833,14408,45.99,2014,5,9,17,4
712,2014-05-10 03:34:00,15630,14260,45.99,2014,5,10,3,5
713,2014-05-10 05:46:00,16082,14585,29.99,2014,5,10,5,5
714,2014-05-11 09:55:00,15462,14131,29.99,2014,5,11,9,6
715,2014-05-12 18:25:00,15924,14475,49.99,2014,5,12,18,0
716,2014-05-13 08:24:00,15593,14230,49.99,2014,5,13,8,1
717,2014-05-13 09:57:00,16030,14547,45.99,2014,5,13,9,1
718,2014-05-13 20:01:00,16020,14542,49.99,2014,5,13,20,1
719,2014-05-13 21:20:00,15824,14401,45.99,2014,5,13,21,1
720,2014-05-14 14:17:00,15853,14423,45.99,2014,5,14,14,2
721,2014-05-15 12:39:00,16235,14697,45.99,2014,5,15,12,3
722,2014-05-16 05:06:00,15843,14416,45.99,2014,5,16,5,4
723,2014-05-17 08:41:00,16056,14566,49.99,2014,5,17,8,5
724,2014-05-17 18:23:00,16173,14653,45.99,2014,5,17,18,5
725,2014-05-18 07:29:00,16633,14989,49.99,2014,5,18,7,6
726,2014-05-19 02:24:00,16418,14830,49.99,2014,5,19,2,0
727,2014-05-20 05:11:00,15974,14507,49.99,2014,5,20,5,1
728,2014-05-20 13:49:00,16565,14936,49.99,2014,5,20,13,1
729,2014-05-20 15:26:00,16416,14828,45.99,2014,5,20,15,1
730,2014-05-20 19:49:00,16329,14766,45.99,2014,5,20,19,1
731,2014-05-21 11:40:00,16304,14747,59.99,2014,5,21,11,2
732,2014-05-22 13:59:00,16062,14570,49.99,2014,5,22,13,3
733,2014-05-23 02:39:00,16414,14827,49.99,2014,5,23,2,4
734,2014-05-23 22:34:00,16618,14975,49.99,2014,5,23,22,4
735,2014-05-24 08:40:00,16257,14715,49.99,2014,5,24,8,5
736,2014-05-24 09:37:00,16627,14984,49.99,2014,5,24,9,5
737,2014-05-24 23:31:00,17110,15338,49.99,2014,5,24,23,5
738,2014-05-26 06:35:00,16378,14801,49.99,2014,5,26,6,0
739,2014-05-27 16:57:00,16851,15148,49.99,2014,5,27,16,1
740,2014-05-28 19:36:00,16641,14993,45.99,2014,5,28,19,2
741,2014-05-29 10:00:00,16690,15033,45.99,2014,5,29,10,3
742,2014-05-29 14:11:00,16670,15016,49.99,2014,5,29,14,3
743,2014-05-30 02:21:00,17234,15436,59.99,2014,5,30,2,4
744,2014-05-31 12:25:00,17089,15323,45.99,2014,5,31,12,5
745,2014-06-01 20:34:00,17214,15419,59.99,2014,6,1,20,6
746,2014-06-01 20:47:00,17273,15465,45.99,2014,6,1,20,6
747,2014-06-02 00:36:00,17132,15353,29.99,2014,6,2,0,0
748,2014-06-02 02:10:00,17360,15523,49.99,2014,6,2,2,0
749,2014-06-02 12:30:00,16879,15166,45.99,2014,6,2,12,0
750,2014-06-03 05:15:00,16962,15229,49.99,2014,6,3,5,1
751,2014-06-03 13:09:00,17620,15715,49.99,2014,6,3,13,1
752,2014-06-03 18:50:00,16956,15224,49.99,2014,6,3,18,1
753,2014-06-03 22:15:00,17510,15633,45.99,2014,6,3,22,1
754,2014-06-04 18:41:00,17459,15596,49.99,2014,6,4,18,2
755,2014-06-04 21:04:00,17173,15388,49.99,2014,6,4,21,2
756,2014-06-05 03:52:00,17265,15458,59.99,2014,6,5,3,3
757,2014-06-06 03:59:00,17642,15732,49.99,2014,6,6,3,4
758,2014-06-06 15:51:00,17482,15613,49.99,2014,6,6,15,4
759,2014-06-07 10:20:00,17750,15810,59.99,2014,6,7,10,5
760,2014-06-08 09:58:00,17601,15702,49.99,2014,6,8,9,6
761,2014-06-08 20:39:00,17881,15908,49.99,2014,6,8,20,6
762,2014-06-09 00:25:00,17857,15890,49.99,2014,6,9,0,0
763,2014-06-09 01:51:00,17385,15539,49.99,2014,6,9,1,0
764,2014-06-09 02:00:00,17209,15415,49.99,2014,6,9,2,0
765,2014-06-09 18:47:00,17419,15565,49.99,2014,6,9,18,0
766,2014-06-10 00:33:00,17938,15946,49.99,2014,6,10,0,1
767,2014-06-10 03:34:00,17403,15555,49.99,2014,6,10,3,1
768,2014-06-10 04:55:00,17354,15519,49.99,2014,6,10,4,1
769,2014-06-10 18:38:00,17829,15870,49.99,2014,6,10,18,1
770,2014-06-11 23:40:00,17751,15811,49.99,2014,6,11,23,2
771,2014-06-12 09:32:00,17619,15714,45.99,2014,6,12,9,3
772,2014-06-12 17:43:00,18032,16015,45.99,2014,6,12,17,3
773,2014-06-13 01:00:00,17554,15668,49.99,2014,6,13,1,4
774,2014-06-13 14:15:00,18080,16053,49.99,2014,6,13,14,4
775,2014-06-14 08:51:00,17845,15879,49.99,2014,6,14,8,5
776,2014-06-14 15:16:00,17672,15752,59.99,2014,6,14,15,5
777,2014-06-14 18:36:00,18019,16005,49.99,2014,6,14,18,5
778,2014-06-16 02:19:00,18320,16227,29.99,2014,6,16,2,0
779,2014-06-16 14:30:00,18110,16073,29.99,2014,6,16,14,0
780,2014-06-16 17:06:00,17848,15882,49.99,2014,6,16,17,0
781,2014-06-17 12:08:00,18271,16192,49.99,2014,6,17,12,1
782,2014-06-17 19:52:00,18288,16204,49.99,2014,6,17,19,1
783,2014-06-17 19:57:00,17755,15814,45.99,2014,6,17,19,1
784,2014-06-18 01:58:00,18146,16101,49.99,2014,6,18,1,2
785,2014-06-18 09:26:00,18415,16302,49.99,2014,6,18,9,2
786,2014-06-18 23:05:00,17856,15889,49.99,2014,6,18,23,2
787,2014-06-19 03:20:00,18070,16045,29.99,2014,6,19,3,3
788,2014-06-19 11:33:00,18375,16274,49.99,2014,6,19,11,3
789,2014-06-19 13:09:00,18327,16233,49.99,2014,6,19,13,3
790,2014-06-19 15:08:00,18053,16033,49.99,2014,6,19,15,3
791,2014-06-20 02:10:00,18573,16422,49.99,2014,6,20,2,4
792,2014-06-20 08:52:00,17828,15869,45.99,2014,6,20,8,4
793,2014-06-20 14:18:00,18419,16305,49.99,2014,6,20,14,4
794,2014-06-21 10:52:00,18301,16215,49.99,2014,6,21,10,5
795,2014-06-21 17:18:00,18389,16284,29.99,2014,6,21,17,5
796,2014-06-22 12:11:00,18049,16029,45.99,2014,6,22,12,6
797,2014-06-22 12:41:00,18100,16067,49.99,2014,6,22,12,6
798,2014-06-22 14:53:00,18698,16514,49.99,2014,6,22,14,6
799,2014-06-23 02:15:00,18267,16189,49.99,2014,6,23,2,0
800,2014-06-23 06:51:00,18609,16445,45.99,2014,6,23,6,0
801,2014-06-23 10:37:00,18090,16060,59.99,2014,6,23,10,0
802,2014-06-24 17:14:00,18312,16223,49.99,2014,6,24,17,1
803,2014-06-24 23:12:00,18072,16047,49.99,2014,6,24,23,1
804,2014-06-25 13:51:00,18686,16503,49.99,2014,6,25,13,2
805,2014-06-25 22:20:00,18847,16628,45.99,2014,6,25,22,2
806,2014-06-27 04:13:00,18226,16160,45.99,2014,6,27,4,4
807,2014-06-27 06:57:00,18599,16438,59.99,2014,6,27,6,4
808,2014-06-28 07:36:00,18713,16526,59.99,2014,6,28,7,5
809,2014-06-29 02:03:00,18804,16596,45.99,2014,6,29,2,6
810,2014-06-29 16:50:00,18542,16398,49.99,2014,6,29,16,6
811,2014-06-29 21:40:00,19138,16836,45.99,2014,6,29,21,6
812,2014-06-30 04:33:00,18720,16531,49.99,2014,6,30,4,0
813,2014-06-30 18:02:00,18602,16440,59.99,2014,6,30,18,0
814,2014-07-01 09:38:00,19100,16814,49.99,2014,7,1,9,1
815,2014-07-01 16:06:00,18532,16392,49.99,2014,7,1,16,1
816,2014-07-01 21:18:00,18903,16671,45.99,2014,7,1,21,1
817,2014-07-02 03:28:00,18658,16481,49.99,2014,7,2,3,2
818,2014-07-02 13:44:00,18786,16582,45.99,2014,7,2,13,2
819,2014-07-02 14:22:00,18578,16425,49.99,2014,7,2,14,2
820,2014-07-02 15:55:00,18954,16704,49.99,2014,7,2,15,2
821,2014-07-04 04:13:00,19097,16811,59.99,2014,7,4,4,4
822,2014-07-04 05:57:00,19235,16908,49.99,2014,7,4,5,4
823,2014-07-04 06:55:00,19318,16971,49.99,2014,7,4,6,4
824,2014-07-04 13:49:00,19052,16781,49.99,2014,7,4,13,4
825,2014-07-04 23:55:00,19213,16890,29.99,2014,7,4,23,4
826,2014-07-05 00:06:00,19268,16936,45.99,2014,7,5,0,5
827,2014-07-06 00:14:00,18719,16530,49.99,2014,7,6,0,6
828,2014-07-06 02:38:00,19335,16984,49.99,2014,7,6,2,6
829,2014-07-06 05:18:00,19076,16796,29.99,2014,7,6,5,6
830,2014-07-06 05:49:00,18777,16577,49.99,2014,7,6,5,6
831,2014-07-06 07:22:00,18849,16630,49.99,2014,7,6,7,6
832,2014-07-06 08:10:00,18826,16613,59.99,2014,7,6,8,6
833,2014-07-06 13:12:00,18922,16684,45.99,2014,7,6,13,6
834,2014-07-06 15:52:00,18889,16660,49.99,2014,7,6,15,6
835,2014-07-07 04:46:00,19025,16761,49.99,2014,7,7,4,0
836,2014-07-07 04:56:00,19336,16985,49.99,2014,7,7,4,0
837,2014-07-07 08:06:00,19220,16896,49.99,2014,7,7,8,0
838,2014-07-07 15:51:00,19216,16893,49.99,2014,7,7,15,0
839,2014-07-08 09:44:00,18994,16738,45.99,2014,7,8,9,1
840,2014-07-09 00:44:00,19103,16816,49.99,2014,7,9,0,2
841,2014-07-09 02:34:00,19529,17127,29.99,2014,7,9,2,2
842,2014-07-09 14:34:00,19206,16885,45.99,2014,7,9,14,2
843,2014-07-10 13:01:00,19029,16764,49.99,2014,7,10,13,3
844,2014-07-11 10:48:00,19232,16905,59.99,2014,7,11,10,4
845,2014-07-11 11:34:00,19606,17189,49.99,2014,7,11,11,4
846,2014-07-11 23:36:00,19272,16939,49.99,2014,7,11,23,4
847,2014-07-12 00:17:00,19433,17058,59.99,2014,7,12,0,5
848,2014-07-12 07:42:00,19558,17150,49.99,2014,7,12,7,5
849,2014-07-12 14:29:00,19251,16921,49.99,2014,7,12,14,5
850,2014-07-12 19:13:00,19451,17070,45.99,2014,7,12,19,5
851,2014-07-13 06:35:00,19174,16862,49.99,2014,7,13,6,6
852,2014-07-13 16:28:00,19140,16838,49.99,2014,7,13,16,6
853,2014-07-14 01:41:00,19342,16990,49.99,2014,7,14,1,0
854,2014-07-14 04:09:00,19281,16944,49.99,2014,7,14,4,0
855,2014-07-14 11:37:00,19728,17280,49.99,2014,7,14,11,0
856,2014-07-14 20:51:00,19822,17349,49.99,2014,7,14,20,0
857,2014-07-15 19:26:00,19332,16981,45.99,2014,7,15,19,1
858,2014-07-16 04:20:00,19858,17375,49.99,2014,7,16,4,2
859,2014-07-16 21:44:00,19347,16994,59.99,2014,7,16,21,2
860,2014-07-17 08:28:00,20036,17508,49.99,2014,7,17,8,3
861,2014-07-17 13:25:00,19981,17467,49.99,2014,7,17,13,3
862,2014-07-18 00:05:00,19866,17381,29.99,2014,7,18,0,4
863,2014-07-18 17:34:00,20132,17575,49.99,2014,7,18,17,4
864,2014-07-19 09:33:00,19831,17355,59.99,2014,7,19,9,5
865,2014-07-19 15:34:00,20189,17614,49.99,2014,7,19,15,5
866,2014-07-19 21:00:00,19942,17437,49.99,2014,7,19,21,5
867,2014-07-21 04:57:00,19684,17246,45.99,2014,7,21,4,0
868,2014-07-21 21:47:00,19635,17211,49.99,2014,7,21,21,0
869,2014-07-21 23:16:00,20129,17573,49.99,2014,7,21,23,0
870,2014-07-22 06:58:00,19671,17236,59.99,2014,7,22,6,1
871,2014-07-23 05:12:00,20022,17498,59.99,2014,7,23,5,2
872,2014-07-23 06:48:00,19811,17340,49.99,2014,7,23,6,2
873,2014-07-23 10:04:00,20160,17596,45.99,2014,7,23,10,2
874,2014-07-23 13:48:00,20210,17630,49.99,2014,7,23,13,2
875,2014-07-23 23:07:00,20371,17755,45.99,2014,7,23,23,2
876,2014-07-24 07:20:00,20380,17761,49.99,2014,7,24,7,3
877,2014-07-24 14:37:00,20339,17730,49.99,2014,7,24,14,3
878,2014-07-24 19:48:00,19797,17330,59.99,2014,7,24,19,3
879,2014-07-25 14:12:00,20262,17674,29.99,2014,7,25,14,4
880,2014-07-25 20:25:00,19848,17368,49.99,2014,7,25,20,4
881,2014-07-26 17:17:00,20355,17743,49.99,2014,7,26,17,5
882,2014-07-26 22:01:00,19933,17430,49.99,2014,7,26,22,5
883,2014-07-27 11:36:00,20171,17603,49.99,2014,7,27,11,6
884,2014-07-28 00:37:00,19919,17418,49.99,2014,7,28,0,0
885,2014-07-28 11:48:00,20070,17530,45.99,2014,7,28,11,0
886,2014-07-28 18:37:00,20116,17564,49.99,2014,7,28,18,0
887,2014-07-28 19:26:00,20288,17693,49.99,2014,7,28,19,0
888,2014-07-29 00:41:00,20439,17805,49.99,2014,7,29,0,1
889,2014-07-29 03:12:00,20092,17547,49.99,2014,7,29,3,1
890,2014-07-29 13:26:00,20374,17757,49.99,2014,7,29,13,1
891,2014-07-30 05:50:00,20620,17934,45.99,2014,7,30,5,2
892,2014-08-01 08:10:00,20645,17954,49.99,2014,8,1,8,4
893,2014-08-02 04:13:00,20342,17733,45.99,2014,8,2,4,5
894,2014-08-02 06:45:00,20425,17796,59.99,2014,8,2,6,5
895,2014-08-02 15:13:00,20506,17855,49.99,2014,8,2,15,5
896,2014-08-02 16:01:00,20276,17685,59.99,2014,8,2,16,5
897,2014-08-02 23:55:00,20740,18022,49.99,2014,8,2,23,5
898,2014-08-03 17:08:00,20469,17829,59.99,2014,8,3,17,6
899,2014-08-04 02:54:00,21063,18259,49.99,2014,8,4,2,0
900,2014-08-04 15:17:00,20316,17714,45.99,2014,8,4,15,0
901,2014-08-05 16:23:00,20779,18051,49.99,2014,8,5,16,1
902,2014-08-06 02:16:00,20773,18046,45.99,2014,8,6,2,2
903,2014-08-06 06:30:00,20398,17776,29.99,2014,8,6,6,2
904,2014-08-06 21:16:00,20607,17926,49.99,2014,8,6,21,2
905,2014-08-07 06:08:00,20621,17935,49.99,2014,8,7,6,3
906,2014-08-08 22:42:00,21221,18376,45.99,2014,8,8,22,4
907,2014-08-09 20:04:00,20990,18205,49.99,2014,8,9,20,5
908,2014-08-10 10:04:00,20973,18192,49.99,2014,8,10,10,6
909,2014-08-11 12:49:00,21303,18438,45.99,2014,8,11,12,0
910,2014-08-11 18:50:00,20876,18124,49.99,2014,8,11,18,0
911,2014-08-12 03:12:00,21205,18364,49.99,2014,8,12,3,1
912,2014-08-12 03:31:00,21103,18287,49.99,2014,8,12,3,1
913,2014-08-12 08:38:00,21014,18222,49.99,2014,8,12,8,1
914,2014-08-12 11:49:00,21349,18472,45.99,2014,8,12,11,1
915,2014-08-12 19:19:00,21306,18441,49.99,2014,8,12,19,1
916,2014-08-14 02:05:00,21084,18274,59.99,2014,8,14,2,3
917,2014-08-14 02:46:00,21143,18319,45.99,2014,8,14,2,3
918,2014-08-14 08:17:00,21025,18230,49.99,2014,8,14,8,3
919,2014-08-14 21:53:00,21011,18219,49.99,2014,8,14,21,3
920,2014-08-14 23:04:00,20991,18206,45.99,2014,8,14,23,3
921,2014-08-15 03:49:00,21254,18402,49.99,2014,8,15,3,4
922,2014-08-15 04:53:00,21223,18377,49.99,2014,8,15,4,4
923,2014-08-15 23:29:00,21507,18592,49.99,2014,8,15,23,4
924,2014-08-16 21:52:00,21421,18529,45.99,2014,8,16,21,5
925,2014-08-16 22:57:00,21744,18767,49.99,2014,8,16,22,5
926,2014-08-17 13:01:00,21714,18743,49.99,2014,8,17,13,6
927,2014-08-20 09:20:00,21345,18470,49.99,2014,8,20,9,2
928,2014-08-20 16:09:00,21882,18871,49.99,2014,8,20,16,2
929,2014-08-20 20:03:00,21356,18478,45.99,2014,8,20,20,2
930,2014-08-21 09:33:00,21276,18419,49.99,2014,8,21,9,3
931,2014-08-21 22:03:00,21319,18451,49.99,2014,8,21,22,3
932,2014-08-22 17:34:00,21639,18690,49.99,2014,8,22,17,4
933,2014-08-23 00:56:00,22216,19116,49.99,2014,8,23,0,5
934,2014-08-23 09:47:00,22133,19054,49.99,2014,8,23,9,5
935,2014-08-23 10:17:00,22129,19050,49.99,2014,8,23,10,5
936,2014-08-23 10:59:00,21423,18530,45.99,2014,8,23,10,5
937,2014-08-23 11:30:00,22155,19070,49.99,2014,8,23,11,5
938,2014-08-23 16:59:00,21829,18830,45.99,2014,8,23,16,5
939,2014-08-23 18:23:00,22107,19032,49.99,2014,8,23,18,5
940,2014-08-24 00:13:00,22123,19046,49.99,2014,8,24,0,6
941,2014-08-24 02:19:00,22215,19115,49.99,2014,8,24,2,6
942,2014-08-24 05:00:00,21855,18849,45.99,2014,8,24,5,6
943,2014-08-24 14:52:00,22166,19078,49.99,2014,8,24,14,6
944,2014-08-24 18:04:00,22169,19081,49.99,2014,8,24,18,6
945,2014-08-24 19:31:00,22208,19110,49.99,2014,8,24,19,6
946,2014-08-24 20:13:00,22247,19138,49.99,2014,8,24,20,6
947,2014-08-24 21:29:00,21939,18915,45.99,2014,8,24,21,6
948,2014-08-24 22:22:00,22118,19042,59.99,2014,8,24,22,6
949,2014-08-25 03:05:00,22142,19060,49.99,2014,8,25,3,0
950,2014-08-25 04:26:00,22267,19154,45.99,2014,8,25,4,0
951,2014-08-25 06:58:00,21841,18839,49.99,2014,8,25,6,0
952,2014-08-25 17:10:00,22201,19105,45.99,2014,8,25,17,0
953,2014-08-25 17:52:00,22177,19086,45.99,2014,8,25,17,0
954,2014-08-25 22:31:00,22336,19206,49.99,2014,8,25,22,0
955,2014-08-25 23:05:00,22316,19191,49.99,2014,8,25,23,0
956,2014-08-26 09:21:00,22117,19041,45.99,2014,8,26,9,1
957,2014-08-26 20:07:00,21592,18657,59.99,2014,8,26,20,1
958,2014-08-27 22:20:00,21876,18866,49.99,2014,8,27,22,2
959,2014-08-28 19:54:00,22375,19237,49.99,2014,8,28,19,3
960,2014-08-29 04:11:00,21889,18877,49.99,2014,8,29,4,4
961,2014-08-29 08:14:00,22481,19313,45.99,2014,8,29,8,4
962,2014-08-29 10:49:00,22270,19157,49.99,2014,8,29,10,4
963,2014-08-29 13:15:00,22312,19188,49.99,2014,8,29,13,4
964,2014-08-29 13:57:00,21794,18805,45.99,2014,8,29,13,4
965,2014-08-29 18:39:00,22505,19329,49.99,2014,8,29,18,4
966,2014-08-29 19:00:00,22356,19222,49.99,2014,8,29,19,4
967,2014-08-29 19:20:00,22068,19005,49.99,2014,8,29,19,4
968,2014-08-29 19:56:00,22167,19079,49.99,2014,8,29,19,4
969,2014-08-29 22:09:00,22357,19223,49.99,2014,8,29,22,4
970,2014-08-30 04:08:00,21887,18876,49.99,2014,8,30,4,5
971,2014-08-30 08:11:00,22545,19358,45.99,2014,8,30,8,5
972,2014-08-30 13:42:00,22388,19247,49.99,2014,8,30,13,5
973,2014-08-30 18:14:00,22397,19254,49.99,2014,8,30,18,5
974,2014-08-30 19:26:00,22330,19202,49.99,2014,8,30,19,5
975,2014-08-30 22:08:00,22361,19226,49.99,2014,8,30,22,5
976,2014-08-31 04:53:00,22560,19369,49.99,2014,8,31,4,6
977,2014-08-31 05:36:00,21988,18951,49.99,2014,8,31,5,6
978,2014-08-31 05:47:00,22371,19234,49.99,2014,8,31,5,6
979,2014-08-31 08:14:00,22462,19300,49.99,2014,8,31,8,6
980,2014-08-31 14:51:00,22680,19456,49.99,2014,8,31,14,6
981,2014-08-31 17:01:00,22199,19104,49.99,2014,8,31,17,6
982,2014-08-31 17:08:00,22648,19433,49.99,2014,8,31,17,6
983,2014-08-31 22:08:00,22180,19089,49.99,2014,8,31,22,6
984,2014-08-31 23:50:00,22292,19174,49.99,2014,8,31,23,6
985,2014-09-01 03:54:00,22621,19412,49.99,2014,9,1,3,0
986,2014-09-01 13:40:00,22087,19018,49.99,2014,9,1,13,0
987,2014-09-01 14:38:00,22148,19064,49.99,2014,9,1,14,0
988,2014-09-02 06:16:00,22784,19531,49.99,2014,9,2,6,1
989,2014-09-02 16:13:00,22610,19403,49.99,2014,9,2,16,1
990,2014-09-02 18:57:00,22442,19285,49.99,2014,9,2,18,1
991,2014-09-02 21:25:00,22219,19118,49.99,2014,9,2,21,1
992,2014-09-03 03:36:00,22437,19282,49.99,2014,9,3,3,2
993,2014-09-03 03:41:00,22268,19155,49.99,2014,9,3,3,2
994,2014-09-03 08:16:00,22699,19470,49.99,2014,9,3,8,2
995,2014-09-03 08:48:00,22506,19330,49.99,2014,9,3,8,2
996,2014-09-03 08:57:00,22586,19386,49.99,2014,9,3,8,2
997,2014-09-03 09:31:00,22671,19449,49.99,2014,9,3,9,2
998,2014-09-03 10:05:00,22807,19547,49.99,2014,9,3,10,2
999,2014-09-03 10:09:00,22805,19545,45.99,2014,9,3,10,2
1000,2014-09-03 11:09:00,22644,19429,49.99,2014,9,3,11,2
1001,2014-09-03 16:15:00,22766,19517,45.99,2014,9,3,16,2
1002,2014-09-03 20:46:00,22823,19558,49.99,2014,9,3,20,2
1003,2014-09-03 20:59:00,22359,19225,49.99,2014,9,3,20,2
1004,2014-09-03 22:11:00,22690,19464,29.99,2014,9,3,22,2
1005,2014-09-03 22:17:00,22526,19345,49.99,2014,9,3,22,2
1006,2014-09-04 04:42:00,22276,19161,49.99,2014,9,4,4,3
1007,2014-09-04 06:36:00,22343,19211,49.99,2014,9,4,6,3
1008,2014-09-04 07:07:00,22637,19423,49.99,2014,9,4,7,3
1009,2014-09-04 10:10:00,22468,19304,49.99,2014,9,4,10,3
1010,2014-09-04 10:51:00,22259,19147,49.99,2014,9,4,10,3
1011,2014-09-04 11:23:00,22287,19169,49.99,2014,9,4,11,3
1012,2014-09-04 17:52:00,22279,19163,49.99,2014,9,4,17,3
1013,2014-09-04 20:22:00,22244,19136,49.99,2014,9,4,20,3
1014,2014-09-04 22:43:00,22646,19431,49.99,2014,9,4,22,3
1015,2014-09-05 00:50:00,22382,19242,49.99,2014,9,5,0,4
1016,2014-09-05 01:12:00,22530,19348,49.99,2014,9,5,1,4
1017,2014-09-05 01:29:00,22341,19210,49.99,2014,9,5,1,4
1018,2014-09-05 02:37:00,22550,19362,49.99,2014,9,5,2,4
1019,2014-09-05 02:37:00,22578,19381,49.99,2014,9,5,2,4
1020,2014-09-05 04:11:00,22960,19652,49.99,2014,9,5,4,4
1021,2014-09-05 07:18:00,22880,19597,49.99,2014,9,5,7,4
1022,2014-09-05 10:19:00,22783,19530,49.99,2014,9,5,10,4
1023,2014-09-05 11:50:00,22742,19499,49.99,2014,9,5,11,4
1024,2014-09-05 15:51:00,22262,19150,49.99,2014,9,5,15,4
1025,2014-09-05 16:29:00,22528,19346,49.99,2014,9,5,16,4
1026,2014-09-05 20:03:00,22548,19360,49.99,2014,9,5,20,4
1027,2014-09-05 23:29:00,22332,19203,49.99,2014,9,5,23,4
1028,2014-09-06 13:18:00,23085,19742,59.99,2014,9,6,13,5
1029,2014-09-06 16:38:00,22822,19557,49.99,2014,9,6,16,5
1030,2014-09-06 17:47:00,22878,19596,49.99,2014,9,6,17,5
1031,2014-09-06 17:49:00,23035,19709,45.99,2014,9,6,17,5
1032,2014-09-06 20:01:00,22790,19535,29.99,2014,9,6,20,5
1033,2014-09-06 20:02:00,22688,19463,49.99,2014,9,6,20,5
1034,2014-09-06 23:29:00,23051,19720,49.99,2014,9,6,23,5
1035,2014-09-06 23:32:00,22964,19655,49.99,2014,9,6,23,5
1036,2014-09-07 00:29:00,22502,19327,49.99,2014,9,7,0,6
1037,2014-09-07 01:37:00,22893,19604,49.99,2014,9,7,1,6
1038,2014-09-07 06:17:00,22509,19333,49.99,2014,9,7,6,6
1039,2014-09-07 07:04:00,23132,19776,49.99,2014,9,7,7,6
1040,2014-09-07 07:47:00,22440,19284,49.99,2014,9,7,7,6
1041,2014-09-07 07:47:00,22396,19253,49.99,2014,9,7,7,6
1042,2014-09-07 09:25:00,22381,19241,45.99,2014,9,7,9,6
1043,2014-09-07 10:19:00,22368,19232,49.99,2014,9,7,10,6
1044,2014-09-07 14:36:00,22384,19243,49.99,2014,9,7,14,6
1045,2014-09-07 16:28:00,23135,19778,49.99,2014,9,7,16,6
1046,2014-09-07 23:30:00,22767,19518,49.99,2014,9,7,23,6
1047,2014-09-08 02:06:00,22987,19673,49.99,2014,9,8,2,0
1048,2014-09-08 02:09:00,23031,19706,49.99,2014,9,8,2,0
1049,2014-09-08 08:06:00,22967,19657,49.99,2014,9,8,8,0
1050,2014-09-08 11:52:00,22428,19275,49.99,2014,9,8,11,0
1051,2014-09-08 12:25:00,22557,19367,49.99,2014,9,8,12,0
1052,2014-09-08 16:57:00,23067,19731,49.99,2014,9,8,16,0
1053,2014-09-08 20:43:00,22806,19546,49.99,2014,9,8,20,0
1054,2014-09-08 23:07:00,22507,19331,49.99,2014,9,8,23,0
1055,2014-09-09 01:02:00,22746,19502,49.99,2014,9,9,1,1
1056,2014-09-09 03:11:00,22508,19332,49.99,2014,9,9,3,1
1057,2014-09-09 06:44:00,22826,19560,49.99,2014,9,9,6,1
1058,2014-09-09 09:56:00,23136,19779,49.99,2014,9,9,9,1
1059,2014-09-09 11:10:00,22448,19290,49.99,2014,9,9,11,1
1060,2014-09-09 15:07:00,22423,19271,49.99,2014,9,9,15,1
1061,2014-09-09 15:50:00,22417,19267,49.99,2014,9,9,15,1
1062,2014-09-09 17:00:00,22710,19476,49.99,2014,9,9,17,1
1063,2014-09-09 17:02:00,22848,19576,49.99,2014,9,9,17,1
1064,2014-09-09 17:31:00,22896,19606,49.99,2014,9,9,17,1
1065,2014-09-09 18:43:00,22906,19613,49.99,2014,9,9,18,1
1066,2014-09-09 21:38:00,23208,19834,49.99,2014,9,9,21,1
1067,2014-09-09 21:56:00,22730,19490,49.99,2014,9,9,21,1
1068,2014-09-09 21:59:00,22812,19551,49.99,2014,9,9,21,1
1069,2014-09-09 23:32:00,22612,19405,49.99,2014,9,9,23,1
1070,2014-09-10 01:33:00,22522,19343,49.99,2014,9,10,1,2
1071,2014-09-10 02:28:00,23064,19729,49.99,2014,9,10,2,2
1072,2014-09-10 02:40:00,22556,19366,49.99,2014,9,10,2,2
1073,2014-09-10 03:13:00,22479,19312,49.99,2014,9,10,3,2
1074,2014-09-10 05:21:00,23104,19757,49.99,2014,9,10,5,2
1075,2014-09-10 08:18:00,22531,19349,49.99,2014,9,10,8,2
1076,2014-09-10 09:23:00,22825,19559,49.99,2014,9,10,9,2
1077,2014-09-10 14:57:00,23017,19695,45.99,2014,9,10,14,2
1078,2014-09-10 15:05:00,23166,19801,49.99,2014,9,10,15,2
1079,2014-09-10 19:15:00,22605,19399,49.99,2014,9,10,19,2
1080,2014-09-10 19:52:00,22743,19500,49.99,2014,9,10,19,2
1081,2014-09-10 20:13:00,23335,19930,49.99,2014,9,10,20,2
1082,2014-09-10 20:36:00,22533,19351,49.99,2014,9,10,20,2
1083,2014-09-11 00:46:00,23359,19947,49.99,2014,9,11,0,3
1084,2014-09-11 03:47:00,22804,19544,49.99,2014,9,11,3,3
1085,2014-09-11 12:18:00,22696,19468,49.99,2014,9,11,12,3
1086,2014-09-11 13:35:00,22516,19339,49.99,2014,9,11,13,3
1087,2014-09-11 15:15:00,22543,19357,49.99,2014,9,11,15,3
1088,2014-09-11 16:32:00,23411,19983,49.99,2014,9,11,16,3
1089,2014-09-11 18:48:00,23123,19770,49.99,2014,9,11,18,3
1090,2014-09-11 19:40:00,23171,19805,49.99,2014,9,11,19,3
1091,2014-09-11 20:22:00,22585,19385,49.99,2014,9,11,20,3
1092,2014-09-11 20:45:00,22753,19507,49.99,2014,9,11,20,3
1093,2014-09-11 23:17:00,22772,19522,49.99,2014,9,11,23,3
1094,2014-09-12 00:29:00,22859,19583,49.99,2014,9,12,0,4
1095,2014-09-12 03:24:00,23202,19829,49.99,2014,9,12,3,4
1096,2014-09-12 07:24:00,23323,19922,49.99,2014,9,12,7,4
1097,2014-09-12 09:22:00,23446,20008,49.99,2014,9,12,9,4
1098,2014-09-12 17:03:00,22840,19570,49.99,2014,9,12,17,4
1099,2014-09-12 20:52:00,23464,20020,49.99,2014,9,12,20,4
1100,2014-09-12 21:06:00,22873,19592,49.99,2014,9,12,21,4
1101,2014-09-12 21:22:00,23236,19855,49.99,2014,9,12,21,4
1102,2014-09-12 23:18:00,23189,19820,49.99,2014,9,12,23,4
1103,2014-09-12 23:39:00,22691,19465,49.99,2014,9,12,23,4
1104,2014-09-13 01:59:00,23256,19871,49.99,2014,9,13,1,5
1105,2014-09-13 02:30:00,22768,19518,59.99,2014,9,13,2,5
1106,2014-09-13 02:32:00,23296,19900,49.99,2014,9,13,2,5
1107,2014-09-13 07:27:00,22865,19587,49.99,2014,9,13,7,5
1108,2014-09-13 13:04:00,22821,19556,49.99,2014,9,13,13,5
1109,2014-09-13 13:24:00,22924,19627,49.99,2014,9,13,13,5
1110,2014-09-13 15:12:00,23203,19830,49.99,2014,9,13,15,5
1111,2014-09-13 23:06:00,23026,19702,49.99,2014,9,13,23,5
1112,2014-09-14 00:27:00,23093,19748,49.99,2014,9,14,0,6
1113,2014-09-14 06:56:00,23526,20067,49.99,2014,9,14,6,6
1114,2014-09-14 11:32:00,23573,20101,49.99,2014,9,14,11,6
1115,2014-09-14 17:04:00,23590,20115,49.99,2014,9,14,17,6
1116,2014-09-14 19:20:00,23215,19840,49.99,2014,9,14,19,6
1117,2014-09-14 21:24:00,22989,19674,49.99,2014,9,14,21,6
1118,2014-09-15 02:05:00,22916,19620,49.99,2014,9,15,2,0
1119,2014-09-15 09:07:00,22935,19634,45.99,2014,9,15,9,0
1120,2014-09-15 13:14:00,23102,19756,49.99,2014,9,15,13,0
1121,2014-09-15 15:02:00,23096,19751,49.99,2014,9,15,15,0
1122,2014-09-15 17:00:00,22846,19575,49.99,2014,9,15,17,0
1123,2014-09-15 19:26:00,22811,19550,49.99,2014,9,15,19,0
1124,2014-09-15 20:44:00,23227,19848,45.99,2014,9,15,20,0
1125,2014-09-15 21:03:00,23152,19791,49.99,2014,9,15,21,0
1126,2014-09-15 23:25:00,23238,19856,49.99,2014,9,15,23,0
1127,2014-09-16 00:25:00,22979,19666,49.99,2014,9,16,0,1
1128,2014-09-16 06:50:00,23691,20192,49.99,2014,9,16,6,1
1129,2014-09-16 12:09:00,23061,19727,45.99,2014,9,16,12,1
1130,2014-09-16 12:37:00,23513,20058,49.99,2014,9,16,12,1
1131,2014-09-16 14:27:00,22892,19603,49.99,2014,9,16,14,1
1132,2014-09-16 15:13:00,22961,19653,49.99,2014,9,16,15,1
1133,2014-09-16 16:12:00,22993,19678,49.99,2014,9,16,16,1
1134,2014-09-16 16:45:00,23358,19946,49.99,2014,9,16,16,1
1135,2014-09-16 16:58:00,23611,20131,49.99,2014,9,16,16,1
1136,2014-09-16 19:37:00,23454,20013,49.99,2014,9,16,19,1
1137,2014-09-16 23:03:00,23146,19787,49.99,2014,9,16,23,1
1138,2014-09-17 00:13:00,23056,19723,49.99,2014,9,17,0,2
1139,2014-09-17 01:59:00,22845,19574,49.99,2014,9,17,1,2
1140,2014-09-17 03:49:00,23661,20171,49.99,2014,9,17,3,2
1141,2014-09-17 07:59:00,23564,20094,49.99,2014,9,17,7,2
1142,2014-09-17 13:38:00,23229,19850,49.99,2014,9,17,13,2
1143,2014-09-17 14:05:00,23674,20181,49.99,2014,9,17,14,2
1144,2014-09-17 18:19:00,22931,19632,49.99,2014,9,17,18,2
1145,2014-09-17 19:42:00,23632,20148,49.99,2014,9,17,19,2
1146,2014-09-17 19:56:00,23232,19853,49.99,2014,9,17,19,2
1147,2014-09-17 20:45:00,23469,20024,49.99,2014,9,17,20,2
1148,2014-09-17 21:19:00,23046,19716,49.99,2014,9,17,21,2
1149,2014-09-17 21:40:00,23313,19915,49.99,2014,9,17,21,2
1150,2014-09-18 00:23:00,23726,20216,45.99,2014,9,18,0,3
1151,2014-09-18 00:49:00,23536,20075,49.99,2014,9,18,0,3
1152,2014-09-18 11:24:00,23244,19862,49.99,2014,9,18,11,3
1153,2014-09-18 16:32:00,23023,19700,49.99,2014,9,18,16,3
1154,2014-09-18 18:25:00,23809,20276,49.99,2014,9,18,18,3
1155,2014-09-18 19:20:00,23777,20254,49.99,2014,9,18,19,3
1156,2014-09-18 20:52:00,23538,20076,49.99,2014,9,18,20,3
1157,2014-09-18 21:26:00,23005,19688,49.99,2014,9,18,21,3
1158,2014-09-19 05:19:00,23765,20245,49.99,2014,9,19,5,4
1159,2014-09-19 11:53:00,23869,20322,59.99,2014,9,19,11,4
1160,2014-09-19 15:08:00,23178,19810,49.99,2014,9,19,15,4
1161,2014-09-19 18:29:00,23276,19885,49.99,2014,9,19,18,4
1162,2014-09-19 21:54:00,23521,20064,49.99,2014,9,19,21,4
1163,2014-09-19 23:23:00,23565,20095,49.99,2014,9,19,23,4
1164,2014-09-20 02:57:00,23292,19898,59.99,2014,9,20,2,5
1165,2014-09-20 04:24:00,23420,19988,29.99,2014,9,20,4,5
1166,2014-09-20 09:57:00,23569,20098,49.99,2014,9,20,9,5
1167,2014-09-20 10:14:00,23147,19788,49.99,2014,9,20,10,5
1168,2014-09-20 12:32:00,23355,19944,49.99,2014,9,20,12,5
1169,2014-09-20 14:57:00,23459,20016,49.99,2014,9,20,14,5
1170,2014-09-20 22:13:00,23288,19894,49.99,2014,9,20,22,5
1171,2014-09-21 00:23:00,23673,20180,49.99,2014,9,21,0,6
1172,2014-09-21 03:15:00,23697,20196,45.99,2014,9,21,3,6
1173,2014-09-21 08:00:00,23251,19867,59.99,2014,9,21,8,6
1174,2014-09-22 00:30:00,23728,20217,49.99,2014,9,22,0,0
1175,2014-09-22 00:39:00,23613,20133,49.99,2014,9,22,0,0
1176,2014-09-22 01:37:00,23644,20158,49.99,2014,9,22,1,0
1177,2014-09-22 03:58:00,23609,20129,49.99,2014,9,22,3,0
1178,2014-09-22 06:05:00,23309,19912,49.99,2014,9,22,6,0
1179,2014-09-22 08:37:00,23560,20091,49.99,2014,9,22,8,0
1180,2014-09-22 10:44:00,23226,19848,49.99,2014,9,22,10,0
1181,2014-09-22 13:19:00,23600,20122,49.99,2014,9,22,13,0
1182,2014-09-22 16:35:00,23687,20189,49.99,2014,9,22,16,0
1183,2014-09-22 17:43:00,23928,20364,49.99,2014,9,22,17,0
1184,2014-09-22 18:50:00,23711,20205,49.99,2014,9,22,18,0
1185,2014-09-22 20:54:00,23403,19978,49.99,2014,9,22,20,0
1186,2014-09-22 21:07:00,23305,19909,49.99,2014,9,22,21,0
1187,2014-09-22 23:54:00,23524,20066,49.99,2014,9,22,23,0
1188,2014-09-23 04:34:00,24079,20479,49.99,2014,9,23,4,1
1189,2014-09-23 12:48:00,23770,20249,45.99,2014,9,23,12,1
1190,2014-09-23 14:57:00,23604,20125,49.99,2014,9,23,14,1
1191,2014-09-23 22:48:00,23746,20231,49.99,2014,9,23,22,1
1192,2014-09-24 04:53:00,23500,20049,49.99,2014,9,24,4,2
1193,2014-09-24 14:58:00,23804,20273,49.99,2014,9,24,14,2
1194,2014-09-24 19:39:00,23701,20199,49.99,2014,9,24,19,2
1195,2014-09-24 23:09:00,24200,20568,49.99,2014,9,24,23,2
1196,2014-09-24 23:56:00,23593,20117,49.99,2014,9,24,23,2
1197,2014-09-25 00:15:00,23596,20119,49.99,2014,9,25,0,3
1198,2014-09-25 02:04:00,23610,20130,49.99,2014,9,25,2,3
1199,2014-09-25 04:23:00,23732,20220,49.99,2014,9,25,4,3
1200,2014-09-25 13:22:00,23579,20105,45.99,2014,9,25,13,3
1201,2014-09-25 14:26:00,23693,20193,49.99,2014,9,25,14,3
1202,2014-09-25 23:17:00,23511,20057,49.99,2014,9,25,23,3
1203,2014-09-26 03:02:00,23714,20207,45.99,2014,9,26,3,4
1204,2014-09-26 03:10:00,24189,20560,49.99,2014,9,26,3,4
1205,2014-09-26 11:28:00,23699,20198,49.99,2014,9,26,11,4
1206,2014-09-27 00:27:00,23559,20090,49.99,2014,9,27,0,5
1207,2014-09-27 20:42:00,24304,20645,49.99,2014,9,27,20,5
1208,2014-09-28 00:12:00,23645,20159,49.99,2014,9,28,0,6
1209,2014-09-28 03:48:00,23769,20248,49.99,2014,9,28,3,6
1210,2014-09-28 07:23:00,23703,20200,49.99,2014,9,28,7,6
1211,2014-09-28 14:21:00,23890,20337,45.99,2014,9,28,14,6
1212,2014-09-28 14:51:00,23664,20174,49.99,2014,9,28,14,6
1213,2014-09-28 19:23:00,23798,20268,49.99,2014,9,28,19,6
1214,2014-09-28 23:04:00,24307,20647,45.99,2014,9,28,23,6
1215,2014-09-28 23:24:00,23741,20228,49.99,2014,9,28,23,6
1216,2014-09-29 00:50:00,23785,20260,49.99,2014,9,29,0,0
1217,2014-09-29 16:01:00,23751,20235,49.99,2014,9,29,16,0
1218,2014-09-29 19:41:00,23774,20251,49.99,2014,9,29,19,0
1219,2014-09-30 08:30:00,23850,20306,45.99,2014,9,30,8,1
1220,2014-09-30 18:19:00,24214,20578,49.99,2014,9,30,18,1
1221,2014-09-30 19:17:00,23761,20242,49.99,2014,9,30,19,1
1222,2014-10-01 01:32:00,24575,20837,49.99,2014,10,1,1,2
1223,2014-10-01 09:42:00,24445,20744,49.99,2014,10,1,9,2
1224,2014-10-01 11:43:00,24610,20861,29.99,2014,10,1,11,2
1225,2014-10-01 16:18:00,24263,20611,45.99,2014,10,1,16,2
1226,2014-10-02 20:54:00,24299,20640,45.99,2014,10,2,20,3
1227,2014-10-03 13:11:00,24531,20805,49.99,2014,10,3,13,4
1228,2014-10-05 02:05:00,24213,20577,45.99,2014,10,5,2,6
1229,2014-10-05 06:53:00,24205,20571,29.99,2014,10,5,6,6
1230,2014-10-05 15:31:00,24333,20664,49.99,2014,10,5,15,6
1231,2014-10-06 14:13:00,24187,20559,49.99,2014,10,6,14,0
1232,2014-10-06 16:48:00,24750,20966,59.99,2014,10,6,16,0
1233,2014-10-06 18:52:00,24488,20775,59.99,2014,10,6,18,0
1234,2014-10-07 04:44:00,25060,21192,45.99,2014,10,7,4,1
1235,2014-10-07 13:35:00,24953,21113,29.99,2014,10,7,13,1
1236,2014-10-07 17:41:00,24365,20686,45.99,2014,10,7,17,1
1237,2014-10-08 09:57:00,24258,20609,49.99,2014,10,8,9,2
1238,2014-10-08 20:53:00,24658,20897,45.99,2014,10,8,20,2
1239,2014-10-09 09:31:00,25013,21156,49.99,2014,10,9,9,3
1240,2014-10-09 15:13:00,24670,20906,45.99,2014,10,9,15,3
1241,2014-10-09 18:14:00,25056,21190,49.99,2014,10,9,18,3
1242,2014-10-10 02:13:00,24422,20729,45.99,2014,10,10,2,4
1243,2014-10-10 11:32:00,24553,20821,29.99,2014,10,10,11,4
1244,2014-10-10 15:58:00,24637,20882,59.99,2014,10,10,15,4
1245,2014-10-11 02:27:00,24986,21138,49.99,2014,10,11,2,5
1246,2014-10-11 08:58:00,25053,21187,59.99,2014,10,11,8,5
1247,2014-10-11 19:37:00,25168,21270,45.99,2014,10,11,19,5
1248,2014-10-12 01:49:00,25258,21334,49.99,2014,10,12,1,6
1249,2014-10-12 12:17:00,24999,21146,49.99,2014,10,12,12,6
1250,2014-10-13 01:03:00,25446,21473,49.99,2014,10,13,1,0
1251,2014-10-13 01:37:00,24773,20982,59.99,2014,10,13,1,0
1252,2014-10-13 10:19:00,24925,21095,49.99,2014,10,13,10,0
1253,2014-10-13 12:35:00,25066,21197,45.99,2014,10,13,12,0
1254,2014-10-14 08:28:00,24835,21028,49.99,2014,10,14,8,1
1255,2014-10-14 11:37:00,24625,20872,45.99,2014,10,14,11,1
1256,2014-10-15 04:08:00,25530,21539,29.99,2014,10,15,4,2
1257,2014-10-15 21:47:00,25407,21444,45.99,2014,10,15,21,2
1258,2014-10-16 10:59:00,25199,21293,49.99,2014,10,16,10,3
1259,2014-10-16 12:15:00,24951,21112,45.99,2014,10,16,12,3
1260,2014-10-17 11:24:00,25024,21165,45.99,2014,10,17,11,4
1261,2014-10-17 19:08:00,25809,21741,45.99,2014,10,17,19,4
1262,2014-10-18 09:06:00,25316,21378,49.99,2014,10,18,9,5
1263,2014-10-18 16:22:00,25763,21708,59.99,2014,10,18,16,5
1264,2014-10-18 20:15:00,25171,21273,49.99,2014,10,18,20,5
1265,2014-10-19 21:21:00,25234,21317,29.99,2014,10,19,21,6
1266,2014-10-21 00:18:00,25769,21712,49.99,2014,10,21,0,1
1267,2014-10-21 10:34:00,25812,21743,45.99,2014,10,21,10,1
1268,2014-10-22 03:19:00,25180,21278,29.99,2014,10,22,3,2
1269,2014-10-23 01:42:00,25418,21453,29.99,2014,10,23,1,3
1270,2014-10-23 02:04:00,25925,21826,59.99,2014,10,23,2,3
1271,2014-10-23 07:34:00,26119,21976,49.99,2014,10,23,7,3
1272,2014-10-25 02:23:00,25497,21510,45.99,2014,10,25,2,5
1273,2014-10-25 09:36:00,26091,21957,49.99,2014,10,25,9,5
1274,2014-10-26 10:37:00,26434,22204,45.99,2014,10,26,10,6
1275,2014-10-26 19:51:00,25629,21607,45.99,2014,10,26,19,6
1276,2014-10-27 05:07:00,26393,22175,49.99,2014,10,27,5,0
1277,2014-10-27 05:15:00,25741,21692,49.99,2014,10,27,5,0
1278,2014-10-28 09:44:00,25686,21651,49.99,2014,10,28,9,1
1279,2014-10-28 21:00:00,25734,21687,49.99,2014,10,28,21,1
1280,2014-10-30 04:00:00,26025,21906,49.99,2014,10,30,4,3
1281,2014-10-30 09:38:00,26007,21892,49.99,2014,10,30,9,3
1282,2014-11-01 00:44:00,26178,22018,45.99,2014,11,1,0,5
1283,2014-11-02 02:09:00,26822,22483,29.99,2014,11,2,2,6
1284,2014-11-03 16:22:00,26311,22114,49.99,2014,11,3,16,0
1285,2014-11-03 18:06:00,26745,22429,49.99,2014,11,3,18,0
1286,2014-11-03 18:31:00,26674,22382,49.99,2014,11,3,18,0
1287,2014-11-05 09:16:00,26544,22280,45.99,2014,11,5,9,2
1288,2014-11-05 13:22:00,26451,22216,49.99,2014,11,5,13,2
1289,2014-11-05 22:23:00,26708,22403,59.99,2014,11,5,22,2
1290,2014-11-05 22:42:00,26349,22143,49.99,2014,11,5,22,2
1291,2014-11-06 04:57:00,26688,22390,29.99,2014,11,6,4,3
1292,2014-11-06 08:28:00,26302,22108,49.99,2014,11,6,8,3
1293,2014-11-07 01:20:00,26548,22283,49.99,2014,11,7,1,4
1294,2014-11-08 17:50:00,26644,22359,45.99,2014,11,8,17,5
1295,2014-11-09 01:01:00,27184,22752,49.99,2014,11,9,1,6
1296,2014-11-10 02:13:00,26722,22411,49.99,2014,11,10,2,0
1297,2014-11-10 04:18:00,26931,22560,29.99,2014,11,10,4,0
1298,2014-11-10 09:04:00,26860,22511,49.99,2014,11,10,9,0
1299,2014-11-12 13:20:00,26913,22547,45.99,2014,11,12,13,2
1300,2014-11-13 04:05:00,27139,22717,49.99,2014,11,13,4,3
1301,2014-11-13 12:32:00,27606,23063,49.99,2014,11,13,12,3
1302,2014-11-14 16:59:00,26887,22532,45.99,2014,11,14,16,4
1303,2014-11-14 17:48:00,27029,22634,45.99,2014,11,14,17,4
1304,2014-11-15 01:21:00,27822,23215,45.99,2014,11,15,1,5
1305,2014-11-15 03:45:00,26878,22526,45.99,2014,11,15,3,5
1306,2014-11-15 12:00:00,26985,22598,29.99,2014,11,15,12,5
1307,2014-11-15 17:22:00,26918,22551,59.99,2014,11,15,17,5
1308,2014-11-15 19:53:00,27211,22773,45.99,2014,11,15,19,5
1309,2014-11-15 20:58:00,27299,22836,45.99,2014,11,15,20,5
1310,2014-11-16 19:01:00,27158,22731,29.99,2014,11,16,19,6
1311,2014-11-17 12:43:00,27813,23208,29.99,2014,11,17,12,0
1312,2014-11-17 16:01:00,27474,22966,45.99,2014,11,17,16,0
1313,2014-11-18 13:52:00,27345,22869,59.99,2014,11,18,13,1
1314,2014-11-18 23:39:00,27135,22714,49.99,2014,11,18,23,1
1315,2014-11-19 12:42:00,28074,23402,45.99,2014,11,19,12,2
1316,2014-11-19 21:18:00,27503,22986,59.99,2014,11,19,21,2
1317,2014-11-20 04:34:00,28199,23496,49.99,2014,11,20,4,3
1318,2014-11-20 07:51:00,27554,23026,49.99,2014,11,20,7,3
1319,2014-11-20 12:21:00,27303,22839,45.99,2014,11,20,12,3
1320,2014-11-20 18:37:00,28002,23347,45.99,2014,11,20,18,3
1321,2014-11-20 21:07:00,27630,23080,59.99,2014,11,20,21,3
1322,2014-11-21 03:06:00,27853,23239,49.99,2014,11,21,3,4
1323,2014-11-21 12:40:00,28051,23386,49.99,2014,11,21,12,4
1324,2014-11-21 15:08:00,27964,23321,49.99,2014,11,21,15,4
1325,2014-11-21 16:31:00,27356,22879,49.99,2014,11,21,16,4
1326,2014-11-21 18:04:00,27824,23217,45.99,2014,11,21,18,4
1327,2014-11-21 22:50:00,28161,23467,49.99,2014,11,21,22,4
1328,2014-11-22 09:14:00,27741,23157,49.99,2014,11,22,9,5
1329,2014-11-22 16:16:00,27666,23107,49.99,2014,11,22,16,5
1330,2014-11-23 05:55:00,28180,23482,49.99,2014,11,23,5,6
1331,2014-11-23 18:08:00,27858,23242,49.99,2014,11,23,18,6
1332,2014-11-25 10:56:00,27953,23312,45.99,2014,11,25,10,1
1333,2014-11-25 11:39:00,28238,23526,59.99,2014,11,25,11,1
1334,2014-11-26 00:52:00,27868,23251,49.99,2014,11,26,0,2
1335,2014-11-26 06:15:00,28389,23634,45.99,2014,11,26,6,2
1336,2014-11-28 13:46:00,28034,23374,49.99,2014,11,28,13,4
1337,2014-11-28 13:57:00,27800,23200,45.99,2014,11,28,13,4
1338,2014-11-28 18:08:00,27965,23321,45.99,2014,11,28,18,4
1339,2014-11-29 04:08:00,28153,23460,59.99,2014,11,29,4,5
1340,2014-11-29 11:31:00,27895,23272,49.99,2014,11,29,11,5
1341,2014-11-29 12:27:00,28842,23973,49.99,2014,11,29,12,5
1342,2014-11-29 15:13:00,28639,23822,49.99,2014,11,29,15,5
1343,2014-11-29 19:34:00,28776,23924,45.99,2014,11,29,19,5
1344,2014-11-30 03:45:00,28170,23475,49.99,2014,11,30,3,6
1345,2014-11-30 08:12:00,28940,24043,29.99,2014,11,30,8,6
1346,2014-11-30 21:43:00,28700,23868,49.99,2014,11,30,21,6
1347,2014-12-01 05:29:00,29304,24308,49.99,2014,12,1,5,0
1348,2014-12-01 10:37:00,29476,24433,49.99,2014,12,1,10,0
1349,2014-12-01 11:58:00,29245,24265,49.99,2014,12,1,11,0
1350,2014-12-01 14:54:00,29530,24472,49.99,2014,12,1,14,0
1351,2014-12-01 17:00:00,29553,24490,49.99,2014,12,1,17,0
1352,2014-12-01 23:07:00,28832,23967,45.99,2014,12,1,23,0
1353,2014-12-02 02:45:00,28893,24012,49.99,2014,12,2,2,1
1354,2014-12-02 03:42:00,28285,23559,45.99,2014,12,2,3,1
1355,2014-12-02 11:08:00,29631,24544,49.99,2014,12,2,11,1
1356,2014-12-03 02:31:00,29115,24172,49.99,2014,12,3,2,2
1357,2014-12-03 11:58:00,29777,24646,49.99,2014,12,3,11,2
1358,2014-12-03 13:24:00,29672,24573,49.99,2014,12,3,13,2
1359,2014-12-03 14:17:00,29624,24538,49.99,2014,12,3,14,2
1360,2014-12-03 16:05:00,29928,24751,49.99,2014,12,3,16,2
1361,2014-12-03 18:07:00,28530,23741,49.99,2014,12,3,18,2
1362,2014-12-04 00:46:00,29654,24561,59.99,2014,12,4,0,3
1363,2014-12-04 04:56:00,29745,24624,49.99,2014,12,4,4,3
1364,2014-12-04 17:35:00,28345,23604,49.99,2014,12,4,17,3
1365,2014-12-04 18:39:00,29275,24286,49.99,2014,12,4,18,3
1366,2014-12-05 00:31:00,29737,24618,49.99,2014,12,5,0,4
1367,2014-12-05 02:48:00,29372,24356,59.99,2014,12,5,2,4
1368,2014-12-05 16:57:00,28600,23792,45.99,2014,12,5,16,4
1369,2014-12-05 19:10:00,29425,24398,49.99,2014,12,5,19,4
1370,2014-12-06 02:39:00,30016,24816,49.99,2014,12,6,2,5
1371,2014-12-06 07:37:00,29912,24740,49.99,2014,12,6,7,5
1372,2014-12-06 16:37:00,29445,24413,45.99,2014,12,6,16,5
1373,2014-12-07 01:22:00,30062,24852,45.99,2014,12,7,1,6
1374,2014-12-07 02:33:00,29549,24486,49.99,2014,12,7,2,6
1375,2014-12-07 04:45:00,29407,24385,45.99,2014,12,7,4,6
1376,2014-12-07 05:06:00,29083,24150,49.99,2014,12,7,5,6
1377,2014-12-07 08:48:00,29118,24174,45.99,2014,12,7,8,6
1378,2014-12-07 17:27:00,28680,23852,45.99,2014,12,7,17,6
1379,2014-12-07 18:31:00,28622,23809,49.99,2014,12,7,18,6
1380,2014-12-07 22:24:00,29804,24666,49.99,2014,12,7,22,6
1381,2014-12-07 22:57:00,30213,24966,49.99,2014,12,7,22,6
1382,2014-12-08 00:16:00,29518,24463,49.99,2014,12,8,0,0
1383,2014-12-08 02:50:00,29529,24471,49.99,2014,12,8,2,0
1384,2014-12-08 03:11:00,30209,24963,45.99,2014,12,8,3,0
1385,2014-12-08 14:10:00,28880,24003,49.99,2014,12,8,14,0
1386,2014-12-08 20:58:00,28823,23961,49.99,2014,12,8,20,0
1387,2014-12-08 23:59:00,29247,24266,49.99,2014,12,8,23,0
1388,2014-12-09 01:15:00,30217,24969,45.99,2014,12,9,1,1
1389,2014-12-09 11:19:00,29588,24514,49.99,2014,12,9,11,1
1390,2014-12-09 18:31:00,30422,25117,29.99,2014,12,9,18,1
1391,2014-12-09 18:46:00,29978,24785,49.99,2014,12,9,18,1
1392,2014-12-09 19:49:00,30341,25058,49.99,2014,12,9,19,1
1393,2014-12-09 20:35:00,28788,23932,29.99,2014,12,9,20,1
1394,2014-12-10 02:17:00,30399,25099,49.99,2014,12,10,2,2
1395,2014-12-10 03:41:00,28809,23950,59.99,2014,12,10,3,2
1396,2014-12-10 08:38:00,29505,24453,45.99,2014,12,10,8,2
1397,2014-12-10 19:53:00,29060,24132,49.99,2014,12,10,19,2
1398,2014-12-10 22:00:00,30361,25070,49.99,2014,12,10,22,2
1399,2014-12-10 22:54:00,29531,24472,29.99,2014,12,10,22,2
1400,2014-12-11 02:39:00,30070,24858,49.99,2014,12,11,2,3
1401,2014-12-11 06:23:00,30553,25214,49.99,2014,12,11,6,3
1402,2014-12-11 08:49:00,29759,24633,49.99,2014,12,11,8,3
1403,2014-12-11 11:06:00,30058,24848,49.99,2014,12,11,11,3
1404,2014-12-11 17:25:00,29806,24667,45.99,2014,12,11,17,3
1405,2014-12-12 01:20:00,29265,24278,45.99,2014,12,12,1,4
1406,2014-12-12 08:50:00,30350,25063,45.99,2014,12,12,8,4
1407,2014-12-12 09:54:00,30545,25206,49.99,2014,12,12,9,4
1408,2014-12-13 05:24:00,30517,25186,29.99,2014,12,13,5,5
1409,2014-12-13 07:25:00,29217,24246,49.99,2014,12,13,7,5
1410,2014-12-13 22:22:00,30844,25444,45.99,2014,12,13,22,5
1411,2014-12-14 06:46:00,29480,24436,49.99,2014,12,14,6,6
1412,2014-12-14 07:07:00,29557,24493,49.99,2014,12,14,7,6
1413,2014-12-14 08:33:00,29652,24560,49.99,2014,12,14,8,6
1414,2014-12-15 02:03:00,29691,24586,45.99,2014,12,15,2,0
1415,2014-12-15 17:50:00,30221,24972,29.99,2014,12,15,17,0
1416,2014-12-15 22:14:00,30946,25521,49.99,2014,12,15,22,0
1417,2014-12-16 15:08:00,29746,24625,59.99,2014,12,16,15,1
1418,2014-12-16 16:57:00,30129,24900,49.99,2014,12,16,16,1
1419,2014-12-17 09:20:00,29838,24689,59.99,2014,12,17,9,2
1420,2014-12-18 08:53:00,30920,25502,49.99,2014,12,18,8,3
1421,2014-12-18 10:12:00,30266,25003,45.99,2014,12,18,10,3
1422,2014-12-18 10:46:00,30855,25452,45.99,2014,12,18,10,3
1423,2014-12-18 16:45:00,30205,24959,49.99,2014,12,18,16,3
1424,2014-12-18 22:08:00,30512,25182,29.99,2014,12,18,22,3
1425,2014-12-19 12:23:00,31303,25790,49.99,2014,12,19,12,4
1426,2014-12-20 10:42:00,31132,25663,45.99,2014,12,20,10,5
1427,2014-12-20 17:41:00,30911,25496,45.99,2014,12,20,17,5
1428,2014-12-21 02:55:00,31187,25705,49.99,2014,12,21,2,6
1429,2014-12-22 09:41:00,31674,26060,49.99,2014,12,22,9,0
1430,2014-12-22 10:51:00,31502,25935,45.99,2014,12,22,10,0
1431,2014-12-22 19:39:00,31647,26040,29.99,2014,12,22,19,0
1432,2014-12-23 03:04:00,30983,25549,49.99,2014,12,23,3,1
1433,2014-12-23 03:08:00,30849,25448,49.99,2014,12,23,3,1
1434,2014-12-23 03:56:00,31400,25861,45.99,2014,12,23,3,1
1435,2014-12-23 09:00:00,31102,25640,45.99,2014,12,23,9,1
1436,2014-12-23 12:16:00,31562,25980,49.99,2014,12,23,12,1
1437,2014-12-23 13:18:00,30881,25474,49.99,2014,12,23,13,1
1438,2014-12-23 14:19:00,30489,25165,45.99,2014,12,23,14,1
1439,2014-12-23 16:44:00,31573,25987,49.99,2014,12,23,16,1
1440,2014-12-23 22:37:00,31707,26084,49.99,2014,12,23,22,1
1441,2014-12-24 14:48:00,30996,25558,49.99,2014,12,24,14,2
1442,2014-12-24 16:13:00,30810,25420,45.99,2014,12,24,16,2
1443,2014-12-24 16:38:00,31863,26207,49.99,2014,12,24,16,2
1444,2014-12-24 19:09:00,31361,25833,49.99,2014,12,24,19,2
1445,2014-12-24 19:24:00,31380,25848,49.99,2014,12,24,19,2
1446,2014-12-25 05:03:00,31037,25590,59.99,2014,12,25,5,3
1447,2014-12-25 13:43:00,31239,25743,49.99,2014,12,25,13,3
1448,2014-12-26 07:54:00,31739,26109,49.99,2014,12,26,7,4
1449,2014-12-26 18:45:00,31580,25992,49.99,2014,12,26,18,4
1450,2014-12-26 22:37:00,31949,26270,49.99,2014,12,26,22,4
1451,2014-12-26 22:46:00,31868,26211,49.99,2014,12,26,22,4
1452,2014-12-27 03:11:00,31379,25847,49.99,2014,12,27,3,5
1453,2014-12-27 15:04:00,32116,26396,59.99,2014,12,27,15,5
1454,2014-12-27 18:01:00,31853,26199,59.99,2014,12,27,18,5
1455,2014-12-27 21:44:00,31614,26017,45.99,2014,12,27,21,5
1456,2014-12-28 08:29:00,32135,26410,59.99,2014,12,28,8,6
1457,2014-12-28 15:37:00,32215,26475,45.99,2014,12,28,15,6
1458,2014-12-28 17:07:00,31168,25691,29.99,2014,12,28,17,6
1459,2014-12-28 18:23:00,31316,25799,49.99,2014,12,28,18,6
1460,2014-12-29 01:13:00,32222,26480,45.99,2014,12,29,1,0
1461,2014-12-29 14:20:00,32321,26556,49.99,2014,12,29,14,0
1462,2014-12-29 21:02:00,31228,25735,49.99,2014,12,29,21,0
1463,2014-12-30 02:36:00,32250,26503,45.99,2014,12,30,2,1
1464,2014-12-30 09:38:00,31375,25844,45.99,2014,12,30,9,1
1465,2014-12-30 10:49:00,31367,25838,49.99,2014,12,30,10,1
1466,2014-12-30 17:32:00,31867,26210,49.99,2014,12,30,17,1
1467,2014-12-31 19:35:00,32236,26492,49.99,2014,12,31,19,2
1468,2014-12-31 21:09:00,31869,26212,49.99,2014,12,31,21,2
1469,2015-01-01 02:31:00,31861,26205,45.99,2015,1,1,2,3
1470,2015-01-01 03:49:00,32154,26424,45.99,2015,1,1,3,3
1471,2015-01-02 00:52:00,31769,26131,45.99,2015,1,2,0,4
1472,2015-01-02 09:02:00,31702,26080,49.99,2015,1,2,9,4
1473,2015-01-02 14:22:00,31539,25964,45.99,2015,1,2,14,4
1474,2015-01-02 20:47:00,32419,26633,49.99,2015,1,2,20,4
1475,2015-01-03 05:02:00,32078,26365,45.99,2015,1,3,5,5
1476,2015-01-03 21:34:00,32628,26781,59.99,2015,1,3,21,5
1477,2015-01-04 01:52:00,32171,26439,59.99,2015,1,4,1,6
1478,2015-01-04 05:59:00,31741,26111,49.99,2015,1,4,5,6
1479,2015-01-04 15:42:00,31689,26070,45.99,2015,1,4,15,6
1480,2015-01-05 00:04:00,32574,26742,29.99,2015,1,5,0,0
1481,2015-01-05 05:29:00,31825,26175,45.99,2015,1,5,5,0
1482,2015-01-06 00:27:00,32113,26393,45.99,2015,1,6,0,1
1483,2015-01-06 04:18:00,32610,26769,49.99,2015,1,6,4,1
1484,2015-01-06 08:15:00,32340,26570,49.99,2015,1,6,8,1
1485,2015-01-06 15:01:00,32175,26442,49.99,2015,1,6,15,1
1486,2015-01-06 20:47:00,32404,26621,49.99,2015,1,6,20,1
1487,2015-01-07 06:36:00,32452,26656,45.99,2015,1,7,6,2
1488,2015-01-07 22:04:00,32095,26378,45.99,2015,1,7,22,2
1489,2015-01-08 05:52:00,32903,26987,49.99,2015,1,8,5,3
1490,2015-01-08 06:10:00,31983,26294,45.99,2015,1,8,6,3
1491,2015-01-08 07:54:00,32705,26835,29.99,2015,1,8,7,3
1492,2015-01-08 09:11:00,32746,26867,49.99,2015,1,8,9,3
1493,2015-01-09 05:06:00,33274,27263,45.99,2015,1,9,5,4
1494,2015-01-09 21:02:00,32838,26934,49.99,2015,1,9,21,4
1495,2015-01-09 22:01:00,33209,27214,45.99,2015,1,9,22,4
1496,2015-01-09 22:02:00,32673,26814,45.99,2015,1,9,22,4
1497,2015-01-10 01:59:00,32500,26692,49.99,2015,1,10,1,5
1498,2015-01-10 03:28:00,32273,26522,59.99,2015,1,10,3,5
1499,2015-01-10 21:36:00,33080,27121,49.99,2015,1,10,21,5
1500,2015-01-11 00:19:00,32389,26608,49.99,2015,1,11,0,6
1501,2015-01-12 05:32:00,32871,26961,49.99,2015,1,12,5,0
1502,2015-01-12 06:07:00,32479,26675,49.99,2015,1,12,6,0
1503,2015-01-12 06:10:00,32960,27030,59.99,2015,1,12,6,0
1504,2015-01-12 11:36:00,32819,26919,45.99,2015,1,12,11,0
1505,2015-01-12 11:47:00,33000,27061,49.99,2015,1,12,11,0
1506,2015-01-12 18:50:00,33002,27062,49.99,2015,1,12,18,0
1507,2015-01-12 19:09:00,32536,26717,49.99,2015,1,12,19,0
1508,2015-01-12 21:57:00,32898,26982,45.99,2015,1,12,21,0
1509,2015-01-13 02:54:00,33546,27469,49.99,2015,1,13,2,1
1510,2015-01-13 03:26:00,33195,27202,49.99,2015,1,13,3,1
1511,2015-01-13 03:49:00,32657,26802,45.99,2015,1,13,3,1
1512,2015-01-13 04:36:00,32592,26757,45.99,2015,1,13,4,1
1513,2015-01-13 21:06:00,32783,26895,45.99,2015,1,13,21,1
1514,2015-01-14 20:20:00,33074,27116,45.99,2015,1,14,20,2
1515,2015-01-15 11:36:00,33502,27437,45.99,2015,1,15,11,3
1516,2015-01-15 20:28:00,32831,26928,49.99,2015,1,15,20,3
1517,2015-01-16 09:11:00,32971,27037,49.99,2015,1,16,9,4
1518,2015-01-16 10:32:00,33130,27161,49.99,2015,1,16,10,4
1519,2015-01-17 18:20:00,33613,27519,45.99,2015,1,17,18,5
1520,2015-01-17 20:10:00,33801,27658,29.99,2015,1,17,20,5
1521,2015-01-17 20:33:00,34114,27892,49.99,2015,1,17,20,5
1522,2015-01-17 22:54:00,34007,27812,49.99,2015,1,17,22,5
1523,2015-01-18 17:24:00,34081,27867,49.99,2015,1,18,17,6
1524,2015-01-18 19:12:00,33945,27765,45.99,2015,1,18,19,6
1525,2015-01-19 01:25:00,33750,27622,49.99,2015,1,19,1,0
1526,2015-01-19 13:47:00,33001,27061,45.99,2015,1,19,13,0
1527,2015-01-19 17:53:00,33508,27441,45.99,2015,1,19,17,0
1528,2015-01-19 23:25:00,33200,27207,49.99,2015,1,19,23,0
1529,2015-01-20 01:41:00,33884,27722,49.99,2015,1,20,1,1
1530,2015-01-20 15:08:00,33823,27674,59.99,2015,1,20,15,1
1531,2015-01-20 21:33:00,33820,27671,49.99,2015,1,20,21,1
1532,2015-01-21 03:08:00,34275,28008,29.99,2015,1,21,3,2
1533,2015-01-21 04:25:00,34194,27951,49.99,2015,1,21,4,2
1534,2015-01-21 10:29:00,34218,27969,45.99,2015,1,21,10,2
1535,2015-01-21 11:30:00,33434,27382,49.99,2015,1,21,11,2
1536,2015-01-21 12:10:00,34350,28063,49.99,2015,1,21,12,2
1537,2015-01-21 15:20:00,33759,27628,45.99,2015,1,21,15,2
1538,2015-01-21 18:34:00,34061,27851,49.99,2015,1,21,18,2
1539,2015-01-22 05:43:00,33765,27632,49.99,2015,1,22,5,3
1540,2015-01-22 12:53:00,33644,27539,49.99,2015,1,22,12,3
1541,2015-01-22 13:27:00,33896,27729,45.99,2015,1,22,13,3
1542,2015-01-22 16:57:00,33919,27746,59.99,2015,1,22,16,3
1543,2015-01-22 19:07:00,33610,27518,49.99,2015,1,22,19,3
1544,2015-01-22 19:14:00,33457,27403,59.99,2015,1,22,19,3
1545,2015-01-24 17:38:00,33497,27433,49.99,2015,1,24,17,5
1546,2015-01-25 02:10:00,34242,27985,45.99,2015,1,25,2,6
1547,2015-01-25 04:25:00,33854,27698,49.99,2015,1,25,4,6
1548,2015-01-25 14:52:00,34514,28177,49.99,2015,1,25,14,6
1549,2015-01-26 09:12:00,34272,28005,59.99,2015,1,26,9,0
1550,2015-01-26 12:33:00,34417,28108,49.99,2015,1,26,12,0
1551,2015-01-27 03:52:00,34392,28091,45.99,2015,1,27,3,1
1552,2015-01-27 16:35:00,34363,28071,45.99,2015,1,27,16,1
1553,2015-01-28 07:35:00,34565,28215,45.99,2015,1,28,7,2
1554,2015-01-28 11:40:00,34539,28196,49.99,2015,1,28,11,2
1555,2015-01-28 16:47:00,34064,27853,49.99,2015,1,28,16,2
1556,2015-01-28 19:10:00,34117,27894,49.99,2015,1,28,19,2
1557,2015-01-29 02:01:00,33922,27749,45.99,2015,1,29,2,3
1558,2015-01-29 02:51:00,34368,28074,49.99,2015,1,29,2,3
1559,2015-01-29 03:37:00,34446,28129,45.99,2015,1,29,3,3
1560,2015-01-29 14:10:00,34010,27814,49.99,2015,1,29,14,3
1561,2015-01-29 20:35:00,34969,28519,49.99,2015,1,29,20,3
1562,2015-01-29 22:37:00,34463,28141,49.99,2015,1,29,22,3
1563,2015-01-30 11:44:00,34634,28267,45.99,2015,1,30,11,4
1564,2015-01-30 22:44:00,35211,28699,45.99,2015,1,30,22,4
1565,2015-01-30 23:01:00,35352,28798,45.99,2015,1,30,23,4
1566,2015-01-31 00:08:00,34973,28521,49.99,2015,1,31,0,5
1567,2015-01-31 06:41:00,34184,27943,59.99,2015,1,31,6,5
1568,2015-01-31 19:29:00,34573,28220,49.99,2015,1,31,19,5
1569,2015-02-01 01:05:00,34743,28349,49.99,2015,2,1,1,6
1570,2015-02-01 03:00:00,35378,28816,49.99,2015,2,1,3,6
1571,2015-02-01 06:34:00,34662,28286,49.99,2015,2,1,6,6
1572,2015-02-02 02:53:00,34876,28445,29.99,2015,2,2,2,0
1573,2015-02-02 06:57:00,35320,28776,49.99,2015,2,2,6,0
1574,2015-02-02 19:36:00,34352,28064,59.99,2015,2,2,19,0
1575,2015-02-02 23:05:00,35120,28631,49.99,2015,2,2,23,0
1576,2015-02-02 23:31:00,34618,28254,29.99,2015,2,2,23,0
1577,2015-02-03 03:37:00,35180,28677,49.99,2015,2,3,3,1
1578,2015-02-03 07:24:00,35361,28803,49.99,2015,2,3,7,1
1579,2015-02-05 03:09:00,35237,28717,49.99,2015,2,5,3,3
1580,2015-02-05 03:44:00,35285,28749,45.99,2015,2,5,3,3
1581,2015-02-05 05:24:00,35360,28802,29.99,2015,2,5,5,3
1582,2015-02-05 07:35:00,34604,28243,45.99,2015,2,5,7,3
1583,2015-02-05 16:52:00,34590,28233,59.99,2015,2,5,16,3
1584,2015-02-05 19:30:00,34624,28260,59.99,2015,2,5,19,3
1585,2015-02-05 22:56:00,35531,28922,29.99,2015,2,5,22,3
1586,2015-02-06 01:00:00,34845,28423,29.99,2015,2,6,1,4
1587,2015-02-06 04:16:00,35752,29086,45.99,2015,2,6,4,4
1588,2015-02-06 14:02:00,35455,28872,49.99,2015,2,6,14,4
1589,2015-02-07 00:16:00,34978,28526,45.99,2015,2,7,0,5
1590,2015-02-07 03:32:00,35603,28976,45.99,2015,2,7,3,5
1591,2015-02-07 14:34:00,35842,29155,59.99,2015,2,7,14,5
1592,2015-02-08 05:04:00,35756,29089,45.99,2015,2,8,5,6
1593,2015-02-08 12:59:00,36124,29367,49.99,2015,2,8,12,6
1594,2015-02-08 17:38:00,35421,28847,49.99,2015,2,8,17,6
1595,2015-02-09 20:08:00,35340,28790,49.99,2015,2,9,20,0
1596,2015-02-10 06:56:00,35071,28594,45.99,2015,2,10,6,1
1597,2015-02-10 07:25:00,35708,29050,45.99,2015,2,10,7,1
1598,2015-02-10 10:34:00,35167,28668,45.99,2015,2,10,10,1
1599,2015-02-10 15:53:00,36118,29363,49.99,2015,2,10,15,1
1600,2015-02-10 20:42:00,35424,28849,49.99,2015,2,10,20,1
1601,2015-02-11 13:14:00,35915,29214,49.99,2015,2,11,13,2
1602,2015-02-12 02:18:00,35162,28663,59.99,2015,2,12,2,3
1603,2015-02-12 06:24:00,35359,28802,49.99,2015,2,12,6,3
1604,2015-02-12 07:08:00,35929,29223,49.99,2015,2,12,7,3
1605,2015-02-12 13:42:00,35250,28727,49.99,2015,2,12,13,3
1606,2015-02-12 14:57:00,36295,29495,45.99,2015,2,12,14,3
1607,2015-02-13 14:14:00,35436,28858,45.99,2015,2,13,14,4
1608,2015-02-13 17:27:00,35704,29048,49.99,2015,2,13,17,4
1609,2015-02-15 03:09:00,36844,29933,49.99,2015,2,15,3,6
1610,2015-02-15 07:36:00,36285,29488,29.99,2015,2,15,7,6
1611,2015-02-15 18:18:00,35773,29103,45.99,2015,2,15,18,6
1612,2015-02-16 02:46:00,36132,29372,45.99,2015,2,16,2,0
1613,2015-02-16 15:02:00,36417,29594,49.99,2015,2,16,15,0
1614,2015-02-16 18:48:00,36111,29359,49.99,2015,2,16,18,0
1615,2015-02-17 00:23:00,36744,29855,49.99,2015,2,17,0,1
1616,2015-02-17 13:39:00,35762,29093,49.99,2015,2,17,13,1
1617,2015-02-17 18:52:00,35757,29090,49.99,2015,2,17,18,1
1618,2015-02-17 21:38:00,36794,29895,59.99,2015,2,17,21,1
1619,2015-02-18 08:32:00,36519,29675,59.99,2015,2,18,8,2
1620,2015-02-18 12:37:00,36172,29403,49.99,2015,2,18,12,2
1621,2015-02-20 00:24:00,37052,30100,59.99,2015,2,20,0,4
1622,2015-02-20 02:51:00,36304,29503,49.99,2015,2,20,2,4
1623,2015-02-20 19:45:00,36884,29964,59.99,2015,2,20,19,4
1624,2015-02-20 21:48:00,36366,29550,59.99,2015,2,20,21,4
1625,2015-02-20 22:06:00,36019,29292,45.99,2015,2,20,22,4
1626,2015-02-21 01:35:00,36362,29547,49.99,2015,2,21,1,5
1627,2015-02-21 03:00:00,37379,30344,49.99,2015,2,21,3,5
1628,2015-02-21 08:57:00,37287,30279,49.99,2015,2,21,8,5
1629,2015-02-21 16:55:00,36454,29624,49.99,2015,2,21,16,5
1630,2015-02-21 19:43:00,36871,29953,49.99,2015,2,21,19,5
1631,2015-02-22 08:02:00,36821,29916,59.99,2015,2,22,8,6
1632,2015-02-22 08:44:00,37523,30450,49.99,2015,2,22,8,6
1633,2015-02-22 13:55:00,36271,29478,49.99,2015,2,22,13,6
1634,2015-02-22 14:06:00,36729,29843,45.99,2015,2,22,14,6
1635,2015-02-23 22:30:00,37098,30134,49.99,2015,2,23,22,0
1636,2015-02-23 22:54:00,36996,30054,49.99,2015,2,23,22,0
1637,2015-02-24 01:52:00,36917,29990,45.99,2015,2,24,1,1
1638,2015-02-24 05:18:00,36341,29530,59.99,2015,2,24,5,1
1639,2015-02-24 07:46:00,37266,30263,49.99,2015,2,24,7,1
1640,2015-02-25 11:15:00,37121,30151,49.99,2015,2,25,11,2
1641,2015-02-27 07:39:00,36717,29833,45.99,2015,2,27,7,4
1642,2015-02-27 13:20:00,37316,30300,49.99,2015,2,27,13,4
1643,2015-02-27 14:49:00,37513,30444,29.99,2015,2,27,14,4
1644,2015-02-27 19:49:00,37300,30288,49.99,2015,2,27,19,4
1645,2015-02-28 04:40:00,36971,30034,49.99,2015,2,28,4,5
1646,2015-02-28 09:39:00,38070,30858,59.99,2015,2,28,9,5
1647,2015-02-28 13:32:00,37411,30367,49.99,2015,2,28,13,5
1648,2015-03-01 05:44:00,38100,30878,59.99,2015,3,1,5,6
1649,2015-03-01 07:09:00,37904,30731,45.99,2015,3,1,7,6
1650,2015-03-02 02:56:00,37416,30371,49.99,2015,3,2,2,0
1651,2015-03-02 04:28:00,37861,30699,45.99,2015,3,2,4,0
1652,2015-03-02 15:38:00,38054,30844,29.99,2015,3,2,15,0
1653,2015-03-02 17:50:00,37450,30397,49.99,2015,3,2,17,0
1654,2015-03-02 19:15:00,37924,30746,45.99,2015,3,2,19,0
1655,2015-03-02 21:42:00,38083,30867,29.99,2015,3,2,21,0
1656,2015-03-03 08:06:00,38166,30931,45.99,2015,3,3,8,1
1657,2015-03-03 11:26:00,37663,30553,45.99,2015,3,3,11,1
1658,2015-03-03 14:36:00,38168,30933,59.99,2015,3,3,14,1
1659,2015-03-03 19:08:00,38340,31066,49.99,2015,3,3,19,1
1660,2015-03-04 07:28:00,37598,30509,29.99,2015,3,4,7,2
1661,2015-03-04 08:18:00,38229,30977,29.99,2015,3,4,8,2
1662,2015-03-04 09:38:00,38055,30845,49.99,2015,3,4,9,2
1663,2015-03-04 19:07:00,38425,31132,49.99,2015,3,4,19,2
1664,2015-03-05 08:01:00,38397,31113,49.99,2015,3,5,8,3
1665,2015-03-05 15:06:00,37784,30641,49.99,2015,3,5,15,3
1666,2015-03-07 09:10:00,38179,30941,45.99,2015,3,7,9,5
1667,2015-03-07 11:25:00,38010,30810,49.99,2015,3,7,11,5
1668,2015-03-07 19:55:00,37568,30486,49.99,2015,3,7,19,5
1669,2015-03-07 21:15:00,37686,30571,49.99,2015,3,7,21,5
1670,2015-03-08 01:59:00,38667,31311,49.99,2015,3,8,1,6
1671,2015-03-08 05:08:00,38107,30884,49.99,2015,3,8,5,6
1672,2015-03-08 11:32:00,38129,30901,45.99,2015,3,8,11,6
1673,2015-03-09 02:20:00,37886,30718,45.99,2015,3,9,2,0
1674,2015-03-09 18:45:00,38356,31078,45.99,2015,3,9,18,0
1675,2015-03-10 11:59:00,38627,31283,45.99,2015,3,10,11,1
1676,2015-03-10 18:12:00,38309,31040,49.99,2015,3,10,18,1
1677,2015-03-10 19:26:00,38287,31023,29.99,2015,3,10,19,1
1678,2015-03-11 00:47:00,37891,30722,49.99,2015,3,11,0,2
1679,2015-03-11 02:57:00,38195,30952,45.99,2015,3,11,2,2
1680,2015-03-11 16:47:00,38000,30804,29.99,2015,3,11,16,2
1681,2015-03-11 19:45:00,38492,31181,49.99,2015,3,11,19,2
1682,2015-03-12 20:36:00,38896,31486,49.99,2015,3,12,20,3
1683,2015-03-13 05:05:00,38090,30872,45.99,2015,3,13,5,4
1684,2015-03-13 09:39:00,38900,31489,45.99,2015,3,13,9,4
1685,2015-03-13 12:05:00,38494,31183,45.99,2015,3,13,12,4
1686,2015-03-13 15:01:00,39003,31561,59.99,2015,3,13,15,4
1687,2015-03-13 15:25:00,38593,31256,29.99,2015,3,13,15,4
1688,2015-03-13 17:33:00,38274,31014,49.99,2015,3,13,17,4
1689,2015-03-14 09:53:00,39092,31622,49.99,2015,3,14,9,5
1690,2015-03-14 13:21:00,39026,31578,49.99,2015,3,14,13,5
1691,2015-03-14 16:11:00,39225,31720,49.99,2015,3,14,16,5
1692,2015-03-15 08:40:00,39113,31638,45.99,2015,3,15,8,6
1693,2015-03-15 12:31:00,39475,31905,45.99,2015,3,15,12,6
1694,2015-03-15 22:33:00,38700,31335,49.99,2015,3,15,22,6
1695,2015-03-16 10:30:00,39585,31984,49.99,2015,3,16,10,0
1696,2015-03-16 21:21:00,38851,31449,49.99,2015,3,16,21,0
1697,2015-03-17 04:09:00,38427,31133,49.99,2015,3,17,4,1
1698,2015-03-17 05:40:00,39194,31695,49.99,2015,3,17,5,1
1699,2015-03-17 09:52:00,38625,31281,49.99,2015,3,17,9,1
1700,2015-03-17 17:36:00,38897,31486,45.99,2015,3,17,17,1
1701,2015-03-17 17:53:00,39663,32043,45.99,2015,3,17,17,1
1702,2015-03-17 21:45:00,38955,31527,29.99,2015,3,17,21,1
1703,2015-03-18 13:55:00,38605,31266,49.99,2015,3,18,13,2
1704,2015-03-18 15:00:00,38978,31545,45.99,2015,3,18,15,2
1705,2015-03-19 06:18:00,39486,31914,59.99,2015,3,19,6,3
1706,2015-03-19 11:28:00,39029,31579,45.99,2015,3,19,11,3
1707,2015-03-19 16:46:00,38940,31517,49.99,2015,3,19,16,3
1708,2015-03-20 12:44:00,38802,31412,45.99,2015,3,20,12,4
1709,2015-03-21 03:22:00,39546,31957,49.99,2015,3,21,3,5
1710,2015-03-21 04:05:00,39705,32072,49.99,2015,3,21,4,5
1711,2015-03-21 09:18:00,39199,31699,45.99,2015,3,21,9,5
1712,2015-03-21 10:13:00,39696,32065,49.99,2015,3,21,10,5
1713,2015-03-22 00:42:00,39189,31690,49.99,2015,3,22,0,6
1714,2015-03-22 01:40:00,39172,31678,45.99,2015,3,22,1,6
1715,2015-03-22 02:31:00,39813,32152,49.99,2015,3,22,2,6
1716,2015-03-22 03:15:00,39278,31760,45.99,2015,3,22,3,6
1717,2015-03-22 21:30:00,39713,32077,59.99,2015,3,22,21,6
1718,2015-03-23 02:52:00,39428,31871,49.99,2015,3,23,2,0
1719,2015-03-23 15:19:00,39370,31830,45.99,2015,3,23,15,0
1720,2015-03-24 03:47:00,39243,31733,59.99,2015,3,24,3,1
1721,2015-03-27 03:24:00,39680,32055,45.99,2015,3,27,3,4
1722,2015-03-27 10:10:00,39860,32191,49.99,2015,3,27,10,4
1723,2015-03-27 12:16:00,39674,32051,45.99,2015,3,27,12,4
1724,2015-03-28 05:34:00,39819,32156,45.99,2015,3,28,5,5
1725,2015-03-28 08:38:00,39449,31884,49.99,2015,3,28,8,5
1726,2015-03-29 23:41:00,39759,32111,49.99,2015,3,29,23,6
1727,2015-03-30 09:37:00,39950,32255,59.99,2015,3,30,9,0
1728,2015-03-30 21:33:00,39671,32049,49.99,2015,3,30,21,0
1729,2015-03-31 19:59:00,39729,32090,49.99,2015,3,31,19,1
1730,2015-04-01 03:54:00,39717,32079,59.99,2015,4,1,3,2
1731,2015-04-01 18:11:00,39947,32252,45.99,2015,4,1,18,2
